v999,123fff
eee808,123fff
eee122,123fff
eee352,123fff
eee573,123fff
eee341,123fff
eee298,123fff
eee948,123fff
eee387,123fff
eee888,123fff
abc888,123fff
abc999,123fff
abc666,123fff
ka001,123fff
993,123fff
019,123fff
755,123fff
753,123fff
jj329,123fff
j4777,123fff
can6a,123fff
h040,123fff
csd06,123fff
cc040,123fff
cs22aa,123fff
bba220,123fff
bba1110,123fff
759,123fff
343,123fff
944,123fff
923,123fff
aaz898,123fff
ty1809,123fff
ty321,123fff
ty521,123fff
1837,123fff
ty296,123fff
tyi,123fff
ty52,123fff
1826,123fff
1800,123fff
ty128,123fff
ty95,123fff
ty7033,123fff
00012,123fff
ty1333,123fff
ty5577,123fff
ty992,123fff
ty6688,123fff
ty3388,123fff
ty87,123fff
es11,123fff
es12,123fff
00044,123fff
es13,123fff
es14,123fff
es15,123fff
es16,123fff
es17,123fff
bb339,123fff
hn,123fff
cm123,123fff
hca,123fff
s55,123fff
s56,123fff
s58,123fff
s59,123fff
s57,123fff
ay18,123fff
ay16,123fff
qq7899,123fff
yy369,123fff
aaa259,123fff
dd66,123fff
m3399,123fff
ll,123fff
luo,123fff
lv,123fff
mm7788,123fff
wy1,123fff
xc1,123fff
xl11,123fff
wss,123fff
mm678,123fff
fff,123fff
wq,123fff
ya18,123fff
m3366,123fff
232,123fff
kka03,123fff
kka02,123fff
kka04,123fff
kka123,123fff
sy369,123fff
vnk11,123fff
aa6188,123fff
ab6188,123fff
cc6188,123fff
dd6188,123fff
ee6188,123fff
gg6188,123fff
hh6188,123fff
jj6188,123fff
kk6188,123fff
ll6188,123fff
oo6188,123fff
qq6188,123fff
uu6188,123fff
vv6188,123fff
yy6188,123fff
zz6188,123fff
k333,123fff
a7665,123fff
1519,123fff
9848,123fff
666h,123fff
3885,123fff
3886,123fff
3837,123fff
cs2211,123fff
8852,123fff
6268,123fff
9777,123fff
9123,123fff
0766,123fff
3836,123fff
6623,123fff
6723,123fff
1390,123fff
1391,123fff
1392,123fff
kj71,123fff
rl9989,123fff
as666,123fff
kj25,123fff
555www,123fff
666cc,123fff
zx121,123fff
hk123,123fff
zx122,123fff
fgh666,123fff
hj55,123fff
zx123,123fff
kh156,123fff
kj123,123fff
128a,123fff
kh17,123fff
kh23,123fff
mh111,123fff
as345,123fff
ws13,123fff
kp12,123fff
kh21,123fff
mm331,123fff
11kj,123fff
168a,123fff
mm146,123fff
mm138,123fff
cvb,123fff
ss0962,123fff
qq733,123fff
qqa123,123fff
qqa124,123fff
qqa125,123fff
zxc2233,123fff
cvb8899,123fff
cvb6688,123fff
vbn189,123fff
94888,123fff
96888,123fff
ja532,123fff
1467,123fff
9009,123fff
jia552,123fff
jm101,123fff
2235,123fff
529,123fff
361,123fff
ss8866,123fff
8383,123fff
5299,123fff
sss222,123fff
a298,123fff
q815,123fff
bk33,123fff
ty7927,123fff
asd003,123fff
ty137,123fff
asd005,123fff
ty135,123fff
asd007,123fff
as33,123fff
asd008,123fff
asd009,123fff
asd10,123fff
as55,123fff
asd12,123fff
aaok,123fff
as505,123fff
kk685,123fff
tt028,123fff
888h,123fff
yy888,123fff
ak6699,123fff
ck1125,123fff
zzz211,123fff
ck1126,123fff
kkk111,123fff
zzz133,123fff
cc789cc,123fff
as889,123fff
ck1127,123fff
bb143,123fff
ck1133,123fff
ck1134,123fff
ck1138,123fff
ck1139,123fff
kkkk5555,123fff
tyj120,123fff
ck1143,123fff
bb345,123fff
tyj119,123fff
tyj125,123fff
ww62222,123fff
229a,123fff
88aa,123fff
tyj122,123fff
aa1705,123fff
258a,123fff
tyj115,123fff
aa9999,123fff
aaa2255,123fff
bb678,123fff
af003,123fff
ba8899,123fff
qwe35,123fff
www555,123fff
ac135,123fff
ac189,123fff
ac55,123fff
ty1,123fff
ac111,123fff
ac138,123fff
23368,123fff
ww168168,123fff
ac666,123fff
33368,123fff
qq1212,123fff
ac137,123fff
ab299,123fff
ac222,123fff
zm86,123fff
ac333,123fff
aaa345,123fff
er88,123fff
hn38,123fff
wu18,123fff
ss3456,123fff
ak33ak33,123fff
pe98,123fff
ba69,123fff
aa5678,123fff
ss5678,123fff
zz3456,123fff
okok28,123fff
0555,123fff
aa3388,123fff
1355aa,123fff
2233aa,123fff
3355aa,123fff
4072aa,123fff
55aa33,123fff
6088,123fff
9229xx,123fff
wa401,123fff
8765aa,123fff
xt212345,123fff
aa099,123fff
sy6666,123fff
yao111,123fff
ah555,123fff
wa402,123fff
wa403,123fff
wa404,123fff
wa405,123fff
wa406,123fff
wa407,123fff
wa408,123fff
bb700,123fff
wa409,123fff
wa410,123fff
wa411,123fff
hh1238,123fff
hh1239,123fff
wa413,123fff
wa414,123fff
aa88aa,123fff
sw5646,123fff
aa99aa,123fff
aa858,123fff
zx638,123fff
wa415,123fff
wa416,123fff
wa417,123fff
sw6370,123fff
wa418,123fff
wa419,123fff
wa420,123fff
aa97,123fff
wa422,123fff
aa756,123fff
zou1001,123fff
ad666,123fff
zhao1001,123fff
sw5628,123fff
tz001,123fff
aa368,123fff
ad661,123fff
jm1001,123fff
yg001,123fff
ad662,123fff
ca101,123fff
sw9859,123fff
0044,123fff
zhu999,123fff
qq1001,123fff
qq1003,123fff
ad222,123fff
tt1001,123fff
ss8899,123fff
tt1002,123fff
aaa90,123fff
0043,123fff
ad335,123fff
tt1003,123fff
sw511,123fff
tt1004,123fff
ad4199,123fff
tt1005,123fff
aa92,123fff
ad558,123fff
kun003,123fff
0045,123fff
aa94,123fff
sw4025,123fff
ad773,123fff
qwe678,123fff
qwe4123,123fff
aa95,123fff
ad226,123fff
qwe888,123fff
sw730,123fff
ad556,123fff
aaa97,123fff
ad228,123fff
ad2168,123fff
sw027,123fff
aa99,123fff
pk371,123fff
sw2844,123fff
ab85,123fff
ad7646,123fff
ab89,123fff
vk888,123fff
sw6140,123fff
lb8383,123fff
xt09876,123fff
aa8888889,123fff
zj8989,123fff
aa664466,123fff
sw7229,123fff
zja91,123fff
zja95,123fff
8899,123fff
xx55,123fff
aaa778899,123fff
xx20,123fff
zja96,123fff
ay45,123fff
ay46,123fff
xx30,123fff
xx50,123fff
sw3229,123fff
zja98,123fff
at45,123fff
at46,123fff
zja99,123fff
at47,123fff
sw8661,123fff
aa2345,123fff
at48,123fff
at49,123fff
sw1613,123fff
at50,123fff
hc222,123fff
sw0603,123fff
hc33,123fff
yazi001,123fff
sw0165,123fff
hc55,123fff
hc66,123fff
hc77,123fff
hc88,123fff
hc99,123fff
yzlm002,123fff
yz2lm003,123fff
yzhz005,123fff
ou12345,123fff
ak123,123fff
yzxj007,123fff
yzyg008,123fff
yzls010,123fff
yzcq009,123fff
wd321,123fff
asd3,123fff
wd333,123fff
wd88,123fff
asd5,123fff
wd108,123fff
we109,123fff
we118,123fff
asd1,123fff
we168,123fff
asd8,123fff
we321,123fff
asd2,123fff
we322,123fff
we323,123fff
ak345,123fff
we329,123fff
we339,123fff
asd18,123fff
0001,123fff
uo000,123fff
0002,123fff
wy321,123fff
0003,123fff
0006,123fff
wy323,123fff
w22,123fff
wy324,123fff
uo001,123fff
w66,123fff
w88,123fff
wy326,123fff
uo002,123fff
a287,123fff
wy327,123fff
asd202,123fff
uo003,123fff
wy329,123fff
uo004,123fff
uo005,123fff
sk123,123fff
uo006,123fff
kkk001,123fff
uo007,123fff
zxx788,123fff
uo008,123fff
kkk002,123fff
aaa1222,123fff
ks33,123fff
uo009,123fff
aaa1233,123fff
ks55,123fff
ks66,123fff
ks77,123fff
kkk003,123fff
uo011,123fff
sk22,123fff
3889,123fff
sk33,123fff
kkk004,123fff
sk55,123fff
sk66,123fff
sk77,123fff
kkk005,123fff
1325,123fff
cc007,123fff
cc006,123fff
kk333,123fff
kk336,123fff
kk555,123fff
kk223,123fff
kk699,123fff
8877,123fff
kk688,123fff
kk788,123fff
bb337,123fff
dd788,123fff
2833,123fff
qq348,123fff
2866,123fff
wq12,123fff
wq13,123fff
bbb333,123fff
wq16,123fff
gu33333,123fff
ying3998,123fff
ad7877,123fff
ab3366,123fff
568,123fff
dd77,123fff
010,123fff
70819,123fff
392590,123fff
sw290,123fff
66,123fff
031,123fff
mm1111,123fff
029,123fff
mm2222,123fff
mm3333,123fff
028,123fff
026,123fff
023,123fff
560,123fff
sw677,123fff
1320,123fff
020,123fff
1330,123fff
017,123fff
016,123fff
1350,123fff
012,123fff
011,123fff
009,123fff
002,123fff
ddee11,123fff
13288,123fff
618,123fff
ddee12,123fff
112255,123fff
ddee13,123fff
ddee15,123fff
fdx6789,123fff
ddee16,123fff
fdx56789,123fff
ddee17,123fff
zzxx33,123fff
a9393,123fff
cq3676,123fff
hd1621,123fff
as001,123fff
hd4666,123fff
as002,123fff
as003,123fff
as004,123fff
as005,123fff
as006,123fff
as007,123fff
1688,123fff
as009,123fff
as100,123fff
1488,123fff
zs3897,123fff
as102,123fff
as703,123fff
as101,123fff
as103,123fff
as104,123fff
as105,123fff
as106,123fff
zs3896,123fff
as107,123fff
as108,123fff
as109,123fff
as110,123fff
as112,123fff
ju123,123fff
ma73,123fff
ca123,123fff
hm123,123fff
chi1,123fff
lin001,123fff
zhang002,123fff
chen003,123fff
mmm222,123fff
as121212,123fff
yxz121212,123fff
mmm888,123fff
jixiao01,123fff
zhupi01,123fff
li01,123fff
paigu01,123fff
lao01,123fff
qw666,123fff
nn158,123fff
as232323,123fff
as353535,123fff
pg01,123fff
as363636,123fff
er2,123fff
as373737,123fff
wo,123fff
li02,123fff
gh88,123fff
zhu01,123fff
op,123fff
lao02,123fff
lp33,123fff
po88,123fff
yy33,123fff
fei01,123fff
wo88,123fff
yy55,123fff
che01,123fff
y33,123fff
y34,123fff
y36,123fff
y39,123fff
pb158,123fff
wq19,123fff
zy22,123fff
dd123,123fff
cbk11,123fff
zy08,123fff
m0001,123fff
as1239,123fff
ck13,123fff
m0003,123fff
m0008,123fff
cbk10,123fff
ck14,123fff
ck12,123fff
as1232,123fff
ck18,123fff
as1223,123fff
as1225,123fff
cbk12,123fff
zy32,123fff
zy39,123fff
x3y3t3,123fff
as1226,123fff
l3z3h3,123fff
w3j3q3,123fff
zy77,123fff
ak77,123fff
aa89,123fff
zy699,123fff
cbk21,123fff
bbb22,123fff
zy38,123fff
we324,123fff
aa123123,123fff
zy76,123fff
aa123120,123fff
ad98,123fff
aa123128,123fff
kmp001,123fff
aa123125,123fff
aa0212,123fff
kmp002,123fff
kmp003,123fff
kmp005,123fff
ad6878,123fff
kmp006,123fff
yzy888,123fff
kmp008,123fff
33aaa,123fff
iop111,123fff
iop222,123fff
iop333,123fff
qqq258,123fff
qw722,123fff
win32,123fff
win33,123fff
fff2233,123fff
akww1322,123fff
k6600,123fff
akhh3316,123fff
akhk3171,123fff
832bb,123fff
akha1139,123fff
fff1122,123fff
akha3179,123fff
akh3711,123fff
akh361,123fff
sz0002,123fff
akha7122,123fff
akha3316,123fff
aya3670,123fff
sz0003,123fff
aakh6736,123fff
sz0006,123fff
sz0007,123fff
aa33aa,123fff
ma11,123fff
ma22,123fff
cc5566,123fff
17222,123fff
17111,123fff
17333,123fff
asd89,123fff
asd68,123fff
aaa001,123fff
sss246,123fff
aaa002,123fff
aaabbb01,123fff
a0a7688,123fff
sss247,123fff
hkm951,123fff
cs00a,123fff
abc118,123fff
yun888,123fff
aaa005,123fff
aa3116,123fff
30000,123fff
aaa006,123fff
yy999,123fff
aaabbb05,123fff
am2233,123fff
am2255,123fff
aaa007,123fff
a0918,123fff
1437,123fff
aaabbb04,123fff
a2286,123fff
0506,123fff
aaabbb06,123fff
4266,123fff
aaabbb07,123fff
aaabbb08,123fff
na9,123fff
aaabbb09,123fff
hua8,123fff
aaabbb10,123fff
aa0005,123fff
aaabbb11,123fff
yv8,123fff
aaabbb13,123fff
by856,123fff
yan8,123fff
by7777,123fff
aaabbb14,123fff
qin8,123fff
guo1987,123fff
adad111,123fff
guo0987,123fff
adad222,123fff
guo9876,123fff
guo8765,123fff
adad333,123fff
guo7654,123fff
adad555,123fff
guo6543,123fff
aaa1138,123fff
guo5432,123fff
aa886,123fff
aaa1140,123fff
hjk2233,123fff
adad666,123fff
as1001,123fff
lin777,123fff
hjk5566,123fff
zy18,123fff
as1002,123fff
adad777,123fff
hy888,123fff
hjk6677,123fff
as1003,123fff
cs09,123fff
ad99999,123fff
w2626,123fff
aa1135,123fff
aa1145,123fff
mk888,123fff
aa1136,123fff
af33,123fff
as298,123fff
aa66aa,123fff
aa111,123fff
aa011,123fff
zy36,123fff
aa022,123fff
aa38,123fff
aa033,123fff
aaabbb23,123fff
aa055,123fff
aa066,123fff
ss1122,123fff
aaabbb25,123fff
yy123,123fff
hu228,123fff
yu558,123fff
aaabbb26,123fff
gh3338,123fff
gh2228,123fff
as888,123fff
gh5558,123fff
sa4455,123fff
zh4688,123fff
aaabbb27,123fff
a69931,123fff
s018,123fff
zx4445,123fff
aaabbb28,123fff
qq38,123fff
aaabbb29,123fff
lh12777,123fff
aas111,123fff
0270,123fff
aas222,123fff
as168,123fff
aas333,123fff
lp8,123fff
df3688,123fff
lp888,123fff
111ht,123fff
aas444,123fff
zx125,123fff
aas555,123fff
aa8989,123fff
aas666,123fff
aaabbb999,123fff
aas777,123fff
ht111,123fff
nn1001,123fff
112266,123fff
achw123,123fff
achw321,123fff
bbzz111,123fff
gut111,123fff
as12377,123fff
chx123,123fff
3880,123fff
fy12345,123fff
bbaa1,123fff
af006,123fff
qw1213,123fff
qw1666,123fff
xl8889,123fff
aa123129,123fff
fa889,123fff
e99,123fff
w8,123fff
we99,123fff
uo010,123fff
asd889,123fff
ddh30,123fff
zz1188,123fff
nn4040,123fff
cbk19,123fff
lzy,123fff
4876,123fff
zxc889,123fff
ddh32,123fff
1343,123fff
zz11,123fff
3298,123fff
qi3333,123fff
ddh33,123fff
qwa8899,123fff
rl9999,123fff
zsy520,123fff
ddh35,123fff
ddee18,123fff
aa01,123fff
ddh36,123fff
ff01,123fff
ddh37,123fff
bb01,123fff
ddh38,123fff
as55889,123fff
cc789,123fff
a101,123fff
a102,123fff
a103,123fff
yy1122,123fff
we13,123fff
cx001,123fff
qq002,123fff
xc123,123fff
aa995,123fff
021,123fff
0221,123fff
0223,123fff
cc111,123fff
cc222,123fff
cc333,123fff
liu123,123fff
lie123,123fff
se123,123fff
lao789,123fff
hai123,123fff
wen123,123fff
yy9988,123fff
by666,123fff
aabb234,123fff
aabb999,123fff
abc328,123fff
ma632,123fff
mb632,123fff
aab111,123fff
a863,123fff
a226,123fff
a675,123fff
113a,123fff
gt12,123fff
wp12,123fff
wr12,123fff
zc12,123fff
w9595,123fff
en555,123fff
mm555,123fff
ad75,123fff
abc131,123fff
aaa222,123fff
cv229,123fff
sz88,123fff
lg888,123fff
mp8888,123fff
mm8888,123fff
ooo000,123fff
c011,123fff
b008,123fff
c009,123fff
c007,123fff
b003,123fff
c002,123fff
c001,123fff
a012,123fff
a006,123fff
qwe555,123fff
as113,123fff
bhhy1,123fff
bhhy3,123fff
bhhy5,123fff
ww822,123fff
f158,123fff
qq889,123fff
aaa388,123fff
ay123,123fff
53889,123fff
jz99,123fff
cq8765,123fff
sk104,123fff
789k63,123fff
w5j5q5,123fff
x5y5t5,123fff
z5y5,123fff
bb168,123fff
as1227,123fff
as1228,123fff
bbzz222,123fff
zhp,123fff
ad88888,123fff
abc369a,123fff
97888,123fff
www258,123fff
www369,123fff
www1915,123fff
www3610,123fff
www4411,123fff
aaa155,123fff
uo012,123fff
rui,123fff
aaa1234,123fff
pp99,123fff
ghazenyong,123fff
pp11,123fff
www147,123fff
aa358,123fff
qq238,123fff
ck1128,123fff
ww119,123fff
sy68,123fff
1399,123fff
1881,123fff
s113,123fff
s899,123fff
s228,123fff
s222,123fff
s888,123fff
s668,123fff
s138,123fff
z113,123fff
z111,123fff
z118,123fff
z788,123fff
z666,123fff
z338,123fff
w555,123fff
z668,123fff
w666,123fff
w338,123fff
a105,123fff
www772,123fff
www6681,123fff
www5543,123fff
www8895,123fff
q11,123fff
q32,123fff
qq789,123fff
qq345,123fff
q678,123fff
q66,123fff
y132,123fff
y133,123fff
y131,123fff
y134,123fff
y135,123fff
y136,123fff
k829,123fff
ww2,123fff
we28,123fff
ww4,123fff
ww5,123fff
ww6,123fff
z178,123fff
bin777,123fff
bin1111,123fff
kk287,123fff
cyp888888,123fff
jc000,123fff
pen336,123fff
jun336,123fff
wen336,123fff
fen336,123fff
m336,123fff
sao212,123fff
xxx986,123fff
ling151,123fff
gg131,123fff
li131,123fff
shi131,123fff
y313,123fff
sha121,123fff
xian111,123fff
xs222,123fff
da111,123fff
y078,123fff
y399,123fff
pk3333,123fff
pk8383,123fff
pk1111,123fff
y667,123fff
y907,123fff
y100,123fff
a110,123fff
b710,123fff
b712,123fff
b713,123fff
b717,123fff
b718,123fff
yy998,123fff
tt998,123fff
hh998,123fff
b721,123fff
b723,123fff
b724,123fff
b725,123fff
b722,123fff
jiajia1377,123fff
sy002,123fff
sy003,123fff
a12456,123fff
liu,123fff
liu2,123fff
a13456,123fff
a12567,123fff
b726,123fff
a134567,123fff
yy101,123fff
a13356,123fff
a13388,123fff
yy102,123fff
yy105,123fff
yy107,123fff
qw1699,123fff
yy106,123fff
yy103,123fff
qw1333,123fff
bb1188,123fff
shen822,123fff
wb6788,123fff
a9833,123fff
y669,123fff
aa1010,123fff
aa1212,123fff
aa1313,123fff
aa1414,123fff
aa1515,123fff
aa1616,123fff
aa1818,123fff
aa1919,123fff
mm3698,123fff
aa2020,123fff
aa2121,123fff
aa2424,123fff
aa236,123fff
aa1233,123fff
aa6678,123fff
aa5588,123fff
aa023,123fff
aass777,123fff
aass888,123fff
aazz888,123fff
8890,123fff
zx880,123fff
ffx2,123fff
ffx4,123fff
fx5,123fff
ffx6,123fff
fx7,123fff
bs88,123fff
fx,123fff
fa4,123fff
fa6,123fff
kk1235,123fff
ww657,123fff
vv457,123fff
kk1236,123fff
kk1237,123fff
kk1239,123fff
kk1234,123fff
kk1238,123fff
m68,123fff
dr88,123fff
cd88,123fff
cd106,123fff
cd108,123fff
cd102,123fff
97k,123fff
98k,123fff
aa8795,123fff
aa4785,123fff
aa5629,123fff
aa0678,123fff
aa1057,123fff
100k,123fff
aa7998,123fff
aa6834,123fff
aa0568,123fff
m99,123fff
s0058,123fff
y4548,123fff
b9812,123fff
zzxx11,123fff
336688,123fff
332255,123fff
332277,123fff
331177,123fff
w5120,123fff
776889,123fff
9d,123fff
a008,123fff
asd07,123fff
asd19,123fff
asd017,123fff
asd20,123fff
asd188,123fff
ww30888,123fff
ww3089,123fff
238,123fff
zbh8999,123fff
kb12,123fff
kb23,123fff
kb13,123fff
qin1888,123fff
kb25,123fff
kb55,123fff
you2888,123fff
niu3888,123fff
fu6888,123fff
wz888,123fff
y022,123fff
y033,123fff
zz123,123fff
zz1236,123fff
www121,123fff
6431,123fff
zz1235,123fff
1364,123fff
a28,123fff
908p,123fff
212k,123fff
hc1111,123fff
zz1237,123fff
kkkkk111,123fff
cc123cc,123fff
kkkkk222,123fff
zx1234,123fff
kkkkk333,123fff
ff339339,123fff
ae28,123fff
nm1234,123fff
kkkkk444,123fff
nm2345,123fff
nm3456,123fff
nm4567,123fff
kkkkk555,123fff
zx12346,123fff
nm5678,123fff
kkkkk666,123fff
kkkkk777,123fff
nm6789,123fff
dd369369,123fff
kkkkk999,123fff
zx2356,123fff
kkkkk000,123fff
ay115,123fff
kkkkk1111,123fff
ll369369,123fff
kkkkk2222,123fff
ay119,123fff
ay114,123fff
kkkkk8888,123fff
ay113,123fff
zx1245,123fff
zx654,123fff
yy789,123fff
ma8888,123fff
1128,123fff
117,123fff
qwe123,123fff
cvb3344,123fff
yyw888,123fff
pp88,123fff
pp22,123fff
yyw999,123fff
ss1136,123fff
xx123,123fff
ss1138,123fff
ss1139,123fff
pppp1,123fff
pppp2,123fff
pppp3,123fff
a7722,123fff
aaa121,123fff
pppp4,123fff
c8888,123fff
kkkkk3333,123fff
nn122,123fff
678678,123fff
yyy7777,123fff
679679,123fff
889,123fff
567567,123fff
zx355,123fff
zx366,123fff
ya138698,123fff
bb522,123fff
ae67,123fff
ae27,123fff
ae24,123fff
ae21,123fff
aw76,123fff
ae68,123fff
se16,123fff
se13,123fff
se12,123fff
ww7,123fff
ww9,123fff
s60,123fff
yy116,123fff
aa752,123fff
cvv678,123fff
bhhy2,123fff
ty66,123fff
es18,123fff
9229kk,123fff
yn11,123fff
yn12,123fff
yn13,123fff
yn14,123fff
zjb95,123fff
aaa22,123fff
aaa33,123fff
nm89,123fff
fc888,123fff
hsl888,123fff
y333,123fff
op55,123fff
ww0,123fff
shuiguo666,123fff
22992,123fff
yzyc006,123fff
viv11,123fff
viv22,123fff
viv33,123fff
viv44,123fff
viv55,123fff
viv66,123fff
viv77,123fff
viv88,123fff
viv99,123fff
viv00,123fff
viv000,123fff
viv111,123fff
viv222,123fff
viv333,123fff
su11,123fff
su22,123fff
su33,123fff
su44,123fff
su66,123fff
su77,123fff
su99,123fff
su111,123fff
su222,123fff
su555,123fff
4288,123fff
qaz1234,123fff
aaabbb222,123fff
lin234,123fff
2000,123fff
ae35,123fff
s158,123fff
z,123fff
h,123fff
p,123fff
hj11,123fff
hj23,123fff
hj33,123fff
hj24,123fff
hj6,123fff
hj21,123fff
vv00,123fff
bb2288,123fff
ww232,123fff
ww177,123fff
ww178,123fff
viv444,123fff
zzx218,123fff
ww123,123fff
zzx112,123fff
zzx113,123fff
zzx247,123fff
zzx237,123fff
ww228,123fff
zzx239,123fff
zzx240,123fff
zzx248,123fff
zzx268,123fff
vip011,123fff
vip012,123fff
zzx241,123fff
zzx236,123fff
zzx246,123fff
zzx242,123fff
zzx228,123fff
zzx777,123fff
zx13,123fff
44444,123fff
ss2566,123fff
ss1531,123fff
ss9388,123fff
ss6783,123fff
ss2254,123fff
ss1169,123fff
ss118,123fff
ss1148,123fff
zl88,123fff
mx88,123fff
wn88,123fff
ql88,123fff
qm88,123fff
hh123,123fff
qi123,123fff
hm567,123fff
jp123,123fff
di123,123fff
fz123,123fff
wd123,123fff
sx123,123fff
1000,123fff
3y01,123fff
3y02,123fff
3y03,123fff
3y04,123fff
3y05,123fff
3y06,123fff
fd01,123fff
jy01,123fff
jz01,123fff
qx01,123fff
xb22,123fff
zj01,123fff
bv01,123fff
xin555,123fff
kj27,123fff
kj23,123fff
li123,123fff
zx14,123fff
338h,123fff
ak468,123fff
389yy,123fff
6688cc,123fff
hsh11,123fff
hsh33,123fff
hsh88,123fff
yy987,123fff
hsh2345,123fff
hsh647,123fff
hsh5686,123fff
hsh5404,123fff
hsh66,123fff
h998,123fff
zou1002,123fff
asd9,123fff
lz6789,123fff
lz789,123fff
ww6789,123fff
qqqq11,123fff
fa808,123fff
555,123fff
qq69,123fff
jc567567,123fff
3636a,123fff
wy322,123fff
ok888,123fff
aa123127,123fff
aaabbb201,123fff
333333,123fff
999888,123fff
tz1001,123fff
3y07,123fff
42043,123fff
3y08,123fff
c890,123fff
w550,123fff
aa0663,123fff
c105,123fff
ws789,123fff
m6689,123fff
li6688,123fff
hj25,123fff
a3999,123fff
ac33,123fff
4477,123fff
c013,123fff
ash109,123fff
ash101,123fff
aa9091,123fff
lq9093,123fff
gz2899,123fff
wj999,123fff
zjc95,123fff
bin123,123fff
y044,123fff
zzx255,123fff
ax139,123fff
by555,123fff
achw234,123fff
aa0919,123fff
aass1588,123fff
ae77,123fff
a8128,123fff
yy369369,123fff
688,123fff
awy36,123fff
dkk111,123fff
hkk666,123fff
nb555,123fff
nb558,123fff
nb559,123fff
vip99,123fff
vip66,123fff
gd33,123fff
pp112,123fff
ty0992,123fff
kkkk88,123fff
yy678,123fff
ttt348,123fff
mm369369,123fff
kkk666,123fff
a3447,123fff
k79,123fff
ab777,123fff
kb11,123fff
a1138,123fff
a1168,123fff
a1188,123fff
a1128,123fff
a3988,123fff
a1288,123fff
a1198,123fff
a2298,123fff
a1108,123fff
a1988,123fff
ss877,123fff
ab688,123fff
ab333,123fff
vv9,123fff
vv2,123fff
vv1,123fff
1395,123fff
zj2580,123fff
ab803,123fff
da333,123fff
1396,123fff
wk01,123fff
wk02,123fff
wk03,123fff
wk05,123fff
wk06,123fff
wk07,123fff
wk08,123fff
sa9900,123fff
ha4123,123fff
za4223,123fff
jn4455,123fff
jn4466,123fff
lk5560,123fff
gu8899,123fff
su5566,123fff
za7899,123fff
lh6612,123fff
gm8889,123fff
gm888,123fff
gm8888,123fff
z555666,123fff
z555777,123fff
gm9999,123fff
ss12ss,123fff
ss22ss,123fff
ss33ss,123fff
as88111,123fff
ak1100,123fff
z555888,123fff
ak1133,123fff
as911,123fff
ak6068,123fff
as912,123fff
ak1166,123fff
as918,123fff
aa35aa,123fff
z555999,123fff
ss55ss,123fff
as917,123fff
qaz668,123fff
ak369,123fff
vb1234,123fff
ak368,123fff
ak389,123fff
aa888aa,123fff
vbn123,123fff
aa8888aa,123fff
yi,123fff
aa138aa,123fff
aa168aa,123fff
3210,123fff
3030,123fff
22022,123fff
22033,123fff
303,123fff
1595,123fff
22011,123fff
22066,123fff
505,123fff
aa777888,123fff
aa777999,123fff
kk5567,123fff
kk987,123fff
k123k,123fff
kk789k,123fff
ax123,123fff
kk163,123fff
tt2399,123fff
tt20888,123fff
tt6788,123fff
tt1314,123fff
tt33688,123fff
tt8668,123fff
tt88888,123fff
tt30911,123fff
ad5828,123fff
xx88,123fff
qwe789,123fff
xx66,123fff
ee6058,123fff
ee6056,123fff
uu2126,123fff
uu2119,123fff
uu2129,123fff
uu2122,123fff
ee6012,123fff
ee6011,123fff
qq2668,123fff
ee6046,123fff
ee6036,123fff
yy408,123fff
6389,123fff
a6638,123fff
a3288,123fff
a33268,123fff
aa4488,123fff
asd88810,123fff
kk9128,123fff
kk369,123fff
aa333666,123fff
aa289,123fff
kk2588,123fff
asd88812,123fff
kn15,123fff
asd88813,123fff
asd88814,123fff
asd88815,123fff
asd88816,123fff
asd88817,123fff
asd88818,123fff
asd88811,123fff
asd88819,123fff
asd88820,123fff
asd88821,123fff
asd88822,123fff
asd88823,123fff
hfc1111a,123fff
hfc3333f,123fff
zxj6666a,123fff
zxj6666c,123fff
xxh8888a,123fff
xxh8888b,123fff
vv198,123fff
vv888,123fff
vv998,123fff
vv999,123fff
zx288,123fff
we226,123fff
ss234,123fff
as226,123fff
w336,123fff
w669,123fff
w228,123fff
qw226,123fff
qw118,123fff
a223,123fff
as138,123fff
aw126,123fff
ae66,123fff
af3333,123fff
ss33,123fff
an,123fff
aj88,123fff
xp83,123fff
jh33,123fff
ag22,123fff
aa8339,123fff
aam3,123fff
xy3,123fff
ax3,123fff
aj3,123fff
ap33,123fff
ah8,123fff
ay3,123fff
kk1332,123fff
ok1231,123fff
kk1013,123fff
kk9838,123fff
ok1212,123fff
kk1331,123fff
ok1213,123fff
ok1215,123fff
ok1216,123fff
ok1217,123fff
tt1116,123fff
q611,123fff
tt1117,123fff
ok1219,123fff
ok1218,123fff
ok1239,123fff
ok1228,123fff
ok1316,123fff
uu133,123fff
ok1237,123fff
ok1238,123fff
as1119,123fff
ok1318,123fff
ok1338,123fff
ww618,123fff
ok1336,123fff
qq611,123fff
ok3318,123fff
cc1234,123fff
ad1129,123fff
cc2345,123fff
cc3456,123fff
ok1337,123fff
ee6015,123fff
zx9933,123fff
zx997,123fff
zx993,123fff
zx991,123fff
zx996,123fff
zx998,123fff
as8893,123fff
as8808,123fff
we1368,123fff
s3a001,123fff
s3a002,123fff
at8899,123fff
aat6789,123fff
s3a005,123fff
s3a006,123fff
kk134,123fff
py778,123fff
at6688,123fff
dz137,123fff
at688,123fff
aa6789,123fff
kk233,123fff
kk266,123fff
kk1288,123fff
kk366,123fff
ck666,123fff
ck111,123fff
ck222,123fff
yy2386,123fff
66663,123fff
k208,123fff
yy2389,123fff
kk1798,123fff
kk1467,123fff
kk236,123fff
zz388,123fff
zz113,123fff
kk879,123fff
zz112,123fff
zz115,123fff
zz338,123fff
k4388,123fff
k3898,123fff
bb111,123fff
bb112,123fff
a09,123fff
a7899a,123fff
cd105,123fff
ha001,123fff
zxj6666b,123fff
a5558,123fff
aaw135,123fff
kk128,123fff
kmp9898,123fff
kmp9988,123fff
ff56,123fff
jk222,123fff
xc039,123fff
lrf1118,123fff
wzf7073,123fff
lui1188,123fff
lrf1115,123fff
gb01,123fff
61302651,123fff
61302652,123fff
61302653,123fff
61302654,123fff
8989,123fff
mnb321,123fff
cc117,123fff
qw211,123fff
kk888kk,123fff
bb121,123fff
wc0762,123fff
yu292,123fff
aas688,123fff
aas678,123fff
335511,123fff
aas336,123fff
kkk007,123fff
w390,123fff
aaa1221,123fff
7374s,123fff
ck999,123fff
as915,123fff
6364s,123fff
nm8090,123fff
a627,123fff
5354a,123fff
mmm666,123fff
xx999,123fff
yy9911,123fff
aa1128,123fff
ff888,123fff
aa043,123fff
cd104,123fff
dv555,123fff
y781,123fff
hk111,123fff
hk12,123fff
wb77,123fff
wb937,123fff
na13,123fff
kk1330,123fff
hk899,123fff
a01,123fff
a02,123fff
a05,123fff
a06,123fff
a08,123fff
a86,123fff
a0888,123fff
3434b,123fff
5454a,123fff
6374a,123fff
ae23,123fff
aae55,123fff
aae21,123fff
aae28,123fff
aae50,123fff
aae30,123fff
aae20,123fff
kn138,123fff
zb333,123fff
cctv08,123fff
zxc1244,123fff
aa799,123fff
a793,123fff
qw996,123fff
a1593,123fff
sdg7377,123fff
as2198,123fff
ae0010,123fff
ae5779,123fff
ak0011,123fff
xx33,123fff
zx663,123fff
a188,123fff
aaa77,123fff
h01,123fff
h16,123fff
h18,123fff
h20,123fff
h21,123fff
6888,123fff
qw358,123fff
y8818,123fff
cheng1777,123fff
dt1,123fff
dt2,123fff
zq838,123fff
hhh567,123fff
ggg567,123fff
www123,123fff
w000,123fff
ww338,123fff
w559,123fff
ww336,123fff
w332,123fff
w339,123fff
w557,123fff
w553,123fff
pp333,123fff
w551,123fff
w556,123fff
sx222,123fff
a9933,123fff
a9966,123fff
mmnnbb88,123fff
mmnnbb99,123fff
mmnnbb11,123fff
mmnnbb22,123fff
mmnnbb44,123fff
mmnnbb66,123fff
mmnnbb123,123fff
mmnnbb234,123fff
mmnnbb345,123fff
mmnnbb456,123fff
mmnnbb789,123fff
mmnnbb980,123fff
mmnnbb8890,123fff
bbnnmm11,123fff
bbnnmm33,123fff
bbnnmm44,123fff
bbnnmm55,123fff
bbnnmm66,123fff
bbnnmm77,123fff
bbnnmm88,123fff
bbnnmm99,123fff
bbnnmm100,123fff
bbnnmm200,123fff
bbnnmm300,123fff
bbnnmm400,123fff
bbnnmm500,123fff
bbnnmm900,123fff
bbnnmm600,123fff
a666888,123fff
yf0088,123fff
yf5813,123fff
mmnnbb9999,123fff
he7788,123fff
zqw8989,123fff
x258,123fff
f789,123fff
569b,123fff
789z,123fff
l33,123fff
yf088,123fff
yf089,123fff
8001,123fff
8005,123fff
8006,123fff
8007,123fff
8008,123fff
8009,123fff
8010,123fff
8011,123fff
8012,123fff
8013,123fff
8015,123fff
8016,123fff
8017,123fff
8018,123fff
8019,123fff
8020,123fff
8021,123fff
8022,123fff
8023,123fff
8025,123fff
8026,123fff
8027,123fff
8028,123fff
mkmkmk11,123fff
7880,123fff
jing,123fff
zhang,123fff
cheng,123fff
1131,123fff
88598,123fff
8585,123fff
589,123fff
56789,123fff
8368,123fff
5521,123fff
6002,123fff
6003,123fff
6005,123fff
6006,123fff
6009,123fff
6010,123fff
6011,123fff
6012,123fff
zyd888,123fff
6013,123fff
6015,123fff
aa9705,123fff
aa7338,123fff
d5885,123fff
6646,123fff
a5589,123fff
a3538,123fff
0678,123fff
a6585,123fff
d6585,123fff
7568,123fff
d9955,123fff
5899,123fff
a1115,123fff
pxh8,123fff
pxh5,123fff
pxh3,123fff
qw2588,123fff
axx999,123fff
lzs888,123fff
lhm888,123fff
ju122,123fff
zxc2772,123fff
zxc088,123fff
zxc329,123fff
yyuu88,123fff
8029,123fff
7092,123fff
kk1166,123fff
gou1001,123fff
we888,123fff
a88588,123fff
sw1234,123fff
mw99,123fff
xxh8888c,123fff
hjk26,123fff
a36122,123fff
cvb777,123fff
6028,123fff
yy8989,123fff
zz9898,123fff
jixiao02,123fff
y055,123fff
4448kk,123fff
aa9977,123fff
zy123,123fff
b730,123fff
333y,123fff
aacc999,123fff
h22,123fff
388,123fff
q889,123fff
w668,123fff
w588,123fff
980,123fff
982,123fff
5818,123fff
8858,123fff
ty995,123fff
h26,123fff
gs890,123fff
ccc888,123fff
qq369,123fff
hjk28,123fff
aa998,123fff
jk9,123fff
aa3888,123fff
wz23,123fff
wz21,123fff
sscc66,123fff
888kk,123fff
ca88,123fff
88ww,123fff
tt022,123fff
dia88,123fff
tt033,123fff
cca22,123fff
gg678,123fff
u13,123fff
88k,123fff
ch111,123fff
tt55,123fff
tt33,123fff
12k,123fff
hhh222,123fff
mm789,123fff
xm123,123fff
w27,123fff
u12,123fff
kaa168,123fff
kkk999,123fff
zf99,123fff
aa888a,123fff
fc01,123fff
abcd123,123fff
kkk2,123fff
kkk3,123fff
kkk4,123fff
kkk5,123fff
kkk7,123fff
kkk10,123fff
bbb01,123fff
kkk15,123fff
cv3555,123fff
cv555,123fff
bbb05,123fff
cv999,123fff
cv348,123fff
cv795,123fff
bbb06,123fff
cv1818,123fff
cv299,123fff
bbb07,123fff
cv468,123fff
bbb010,123fff
cv963,123fff
cv487,123fff
b222,123fff
cv280,123fff
tyy888,123fff
cv3043,123fff
b381,123fff
cv777,123fff
b382,123fff
b48,123fff
cv444,123fff
cv588,123fff
b54,123fff
cv5709,123fff
b55,123fff
b56,123fff
sd5709,123fff
cv201,123fff
ok001,123fff
b88,123fff
fa66,123fff
aw381,123fff
aw382,123fff
aw383,123fff
f36,123fff
f29,123fff
aw385,123fff
aw386,123fff
aw387,123fff
aw388,123fff
gu221,123fff
aw390,123fff
gu223,123fff
gu225,123fff
aw391,123fff
a3338,123fff
gu226,123fff
et712,123fff
gu228,123fff
a3331,123fff
a3332,123fff
aakk2233,123fff
a3335,123fff
a3337,123fff
zk88,123fff
kk2333,123fff
c108,123fff
d88,123fff
k789,123fff
c77,123fff
cctv55,123fff
cctv77,123fff
zz688,123fff
q234,123fff
kk2323,123fff
k567,123fff
qq3138,123fff
d66,123fff
zz789,123fff
ton398,123fff
ton328,123fff
zz368,123fff
jm118,123fff
ton628,123fff
ton399,123fff
ton238,123fff
yy3331,123fff
ws96,123fff
ton338,123fff
yy3336,123fff
zb85,123fff
yy3335,123fff
ay3335,123fff
zz626,123fff
kk299,123fff
b73,123fff
zz898,123fff
fan111,123fff
aa655333,123fff
jj111,123fff
aa333222,123fff
ty358,123fff
ok628,123fff
ton166,123fff
9a21,123fff
9a22,123fff
9a23,123fff
9a25,123fff
9a26,123fff
1889,123fff
183,123fff
qx668,123fff
9b2113,123fff
ab186,123fff
aa03,123fff
aaa01,123fff
aaa02,123fff
aaa03,123fff
aaa04,123fff
ydf,123fff
5421,123fff
ad1143,123fff
m305,123fff
b5968,123fff
cs3288,123fff
b5344,123fff
h055,123fff
ky11,123fff
ky12,123fff
j801,123fff
j802,123fff
ky13,123fff
ky15,123fff
ky16,123fff
j803,123fff
j804,123fff
j805,123fff
j806,123fff
j807,123fff
j809,123fff
j810,123fff
j812,123fff
j814,123fff
j813,123fff
j815,123fff
j816,123fff
j817,123fff
j819,123fff
ky22,123fff
ky18,123fff
55555,123fff
4747,123fff
aaa336,123fff
7799,123fff
2525,123fff
3321,123fff
5559,123fff
444444,123fff
jj1414,123fff
qw929,123fff
qw551,123fff
qw9935,123fff
qw9838,123fff
qw692,123fff
k07,123fff
k02,123fff
k05,123fff
k01,123fff
aa3331,123fff
k03,123fff
aa9900,123fff
m998,123fff
aa3332,123fff
aa3335,123fff
ab3333,123fff
kk2999,123fff
xx302,123fff
wcx3333,123fff
dd666,123fff
8000,123fff
z001,123fff
gg888,123fff
tt302,123fff
yy302,123fff
qq302,123fff
sa42,123fff
km338,123fff
bb330,123fff
ak6789,123fff
as05,123fff
cac555,123fff
as06,123fff
sa41,123fff
sa86,123fff
ak889,123fff
aa665666,123fff
hk688,123fff
ap333,123fff
sa49,123fff
s258,123fff
sa23,123fff
ap444,123fff
ab258,123fff
aa667799,123fff
ab259,123fff
sa656,123fff
sky13579,123fff
ap123,123fff
ab369,123fff
yy27,123fff
sky24680,123fff
bb68,123fff
yy26,123fff
aa298,123fff
ok1122,123fff
yy24,123fff
ok1123,123fff
yy20,123fff
aa830124,123fff
sky12345,123fff
ok1125,123fff
vc2,123fff
ok1126,123fff
sky23456,123fff
ok1127,123fff
sa79,123fff
sky34567,123fff
ok1128,123fff
ok1129,123fff
hy11,123fff
k609,123fff
ok1131,123fff
aa667838,123fff
ok1132,123fff
sa618,123fff
ak2580,123fff
kk599,123fff
hy22,123fff
ok1133,123fff
ok1135,123fff
hy33,123fff
da8,123fff
ok1136,123fff
hy44,123fff
ok1138,123fff
ok1139,123fff
ok1151,123fff
hy55,123fff
b337,123fff
hy77,123fff
as7777,123fff
kk899,123fff
as234,123fff
hy88,123fff
as665,123fff
aa663039,123fff
hy00,123fff
as663,123fff
z002,123fff
kk122,123fff
ok1152,123fff
ok1153,123fff
aa0066,123fff
kk1333,123fff
aw2,123fff
kk6888,123fff
zz22,123fff
sky45678,123fff
zz12,123fff
a701,123fff
zz16,123fff
z003,123fff
ww368,123fff
zz15,123fff
a702,123fff
s69,123fff
kk68,123fff
z63,123fff
ssu166,123fff
mx15a,123fff
xx56,123fff
kk588,123fff
ab004,123fff
sa043,123fff
ab008,123fff
sa35,123fff
kk833,123fff
a028,123fff
sa45,123fff
a026,123fff
hywj,123fff
r123,123fff
kk968,123fff
a029,123fff
zrt,123fff
a030,123fff
kk121,123fff
x346,123fff
pwt,123fff
z004,123fff
hzq,123fff
x347,123fff
a027,123fff
hl,123fff
x899,123fff
z006,123fff
zx1121,123fff
zx1122,123fff
zx1125,123fff
jyx,123fff
z009,123fff
kk895,123fff
ac3333,123fff
z010,123fff
aa999cx,123fff
ab2222,123fff
a332,123fff
8855,123fff
sh123,123fff
a337,123fff
bb1238,123fff
kk377,123fff
ff51588,123fff
967,123fff
a334,123fff
bb889988,123fff
a7788,123fff
a336,123fff
0990,123fff
aa33666,123fff
nrs,123fff
kk358,123fff
a014,123fff
wcl,123fff
44666,123fff
a331,123fff
aa291,123fff
ncd,123fff
8787,123fff
aa292,123fff
aa293,123fff
yy223,123fff
kk566,123fff
aa294,123fff
a3699,123fff
2138,123fff
ll8899,123fff
551,123fff
lz868,123fff
aa296,123fff
227,123fff
225,123fff
8168,123fff
aa6658,123fff
gw8888,123fff
ac131,123fff
9478,123fff
kk8333,123fff
az3333,123fff
ac132,123fff
aa11111,123fff
mz444,123fff
ac133,123fff
ac134,123fff
aaa669,123fff
zzz5,123fff
ac136,123fff
bd888,123fff
mkk668,123fff
dx33,123fff
me1234,123fff
zzz1,123fff
ac157,123fff
a7890,123fff
j6688,123fff
kk778,123fff
ac158,123fff
ch22,123fff
bd999,123fff
ac159,123fff
wo123,123fff
as336,123fff
a4455,123fff
bd666,123fff
ac160,123fff
fa123,123fff
ac161,123fff
a9900,123fff
aa99999,123fff
ac162,123fff
hu888,123fff
ac163,123fff
xc2222,123fff
zzz2,123fff
kk232,123fff
0513,123fff
bnm99,123fff
kkaa2632,123fff
zc1,123fff
kk5599,123fff
bnm88,123fff
zc2,123fff
zc3,123fff
kk5588,123fff
bnm22,123fff
88999,123fff
zc4,123fff
dz1230,123fff
dz1231,123fff
xb007,123fff
kk2288,123fff
138228,123fff
aa689,123fff
xb008,123fff
kk889,123fff
qq6666,123fff
zc5,123fff
dz2341,123fff
dz2342,123fff
dz2343,123fff
aa566,123fff
zc6,123fff
dz2344,123fff
kk5688,123fff
dz2345,123fff
dz2346,123fff
dz2347,123fff
a299,123fff
eee6,123fff
zd330,123fff
bnm33,123fff
rrr7,123fff
asz1,123fff
qqq0,123fff
283,123fff
a2211,123fff
zc7,123fff
a349,123fff
kk7789,123fff
zd338,123fff
asz6,123fff
a674,123fff
kk938,123fff
a4546,123fff
qwer15,123fff
aaa947,123fff
qwer11,123fff
kak666,123fff
qwer12,123fff
kk399,123fff
zj99,123fff
rt05,123fff
a2233,123fff
3636,123fff
qwer13,123fff
kk3389,123fff
638,123fff
qwer14,123fff
aa6499,123fff
kk598,123fff
2263,123fff
rt08,123fff
aa836,123fff
a31,123fff
kk5899,123fff
tt5551,123fff
aa956,123fff
aam321,123fff
ab011,123fff
ama324,123fff
aa529,123fff
tt5553,123fff
rt07,123fff
ccv683,123fff
a32,123fff
tt5554,123fff
a789,123fff
kk858,123fff
rt10,123fff
tt5555,123fff
rt06,123fff
tt5556,123fff
ss5521,123fff
rt15,123fff
ss0008,123fff
rt04,123fff
ss4828,123fff
rt50,123fff
ss4321,123fff
rt51,123fff
wwj1,123fff
ss4468,123fff
rt63,123fff
ss2211,123fff
rt54,123fff
kk8989,123fff
aa4411,123fff
wwj2,123fff
rt49,123fff
ab577,123fff
kk4411,123fff
wj3,123fff
aaa2388,123fff
wj4,123fff
yn826,123fff
aaa3368,123fff
wj5,123fff
www7,123fff
aaa998,123fff
kk1188,123fff
c918,123fff
aaa236,123fff
c473,123fff
c325,123fff
c3333,123fff
sha,123fff
c3456,123fff
c143,123fff
c632,123fff
c327,123fff
qqq11,123fff
qwe178,123fff
tt991,123fff
k5689,123fff
ft9688,123fff
9261,123fff
aa123456,123fff
rt098,123fff
x200,123fff
7361,123fff
aa225,123fff
733,123fff
911,123fff
aa1286,123fff
735,123fff
a35,123fff
836,123fff
619,123fff
ddd456,123fff
www567,123fff
581,123fff
bbb678,123fff
767,123fff
ccc567,123fff
ggg678,123fff
832,123fff
171,123fff
gs8888,123fff
pjy7006,123fff
292,123fff
zy8650,123fff
wxw8888,123fff
3239,123fff
xz11,123fff
xz12,123fff
161,123fff
tt078,123fff
141,123fff
f168,123fff
a36,123fff
zxc3456,123fff
1316,123fff
zxc1122,123fff
ok0011,123fff
qqq22,123fff
zxc1133,123fff
595,123fff
zxc1144,123fff
ad118,123fff
zxc1155,123fff
a39,123fff
cvb111,123fff
qqq33,123fff
3731,123fff
zxc1166,123fff
cvb123,123fff
zxc1177,123fff
1zz,123fff
zxc1188,123fff
qqq44,123fff
aaa1616,123fff
9000,123fff
qqq55,123fff
ok002,123fff
4142,123fff
qqq66,123fff
6zz,123fff
pp1111,123fff
zxc1199,123fff
9091,123fff
qqq77,123fff
aa1329,123fff
ok003,123fff
8591,123fff
dsa169,123fff
k202,123fff
ok005,123fff
hr8333,123fff
ok006,123fff
5253,123fff
dsa139,123fff
cvb333,123fff
a51,123fff
tt8833,123fff
f169,123fff
ok008,123fff
dsa939,123fff
6311,123fff
b339,123fff
a52,123fff
f266,123fff
ok098,123fff
k45,123fff
asd358,123fff
5911,123fff
a53,123fff
k307,123fff
ok097,123fff
hp832,123fff
d1,123fff
k308,123fff
ok096,123fff
dsa628,123fff
a54,123fff
6561,123fff
k708,123fff
dsa629,123fff
hp833,123fff
ok095,123fff
a56,123fff
dsa538,123fff
k808,123fff
as3388,123fff
a346,123fff
ok093,123fff
k909,123fff
105,123fff
p66138,123fff
a57,123fff
abc789,123fff
k606,123fff
p66888,123fff
k707,123fff
a58,123fff
km001,123fff
aa4747,123fff
as7899,123fff
k383,123fff
a59,123fff
3638,123fff
km002,123fff
k852,123fff
955,123fff
km005,123fff
km006,123fff
p66111,123fff
a137137,123fff
33aa66,123fff
a201,123fff
a302,123fff
a61,123fff
555xxx,123fff
a838,123fff
aa2727,123fff
sd01,123fff
399,123fff
sd02,123fff
a62,123fff
sd03,123fff
p468,123fff
sd04,123fff
a23,123fff
aa3699,123fff
sd05,123fff
sd06,123fff
a205,123fff
sd07,123fff
a63,123fff
sd08,123fff
kk6411,123fff
09,123fff
a326,123fff
a17197,123fff
sd10,123fff
aa3400,123fff
a212,123fff
a65,123fff
sd09,123fff
sd11,123fff
a5559,123fff
hb2222,123fff
a00,123fff
sd12,123fff
hb3333,123fff
sd13,123fff
hb4444,123fff
sd14,123fff
sd15,123fff
sd16,123fff
a680,123fff
aa3500,123fff
sd17,123fff
a7458,123fff
sd18,123fff
a521,123fff
sd19,123fff
a388,123fff
cc1717,123fff
sd21,123fff
sd22,123fff
sd23,123fff
cc1414,123fff
sh11,123fff
sd24,123fff
sh12,123fff
a1199,123fff
sd25,123fff
sh13,123fff
a3839,123fff
ff169,123fff
sd28,123fff
sh15,123fff
lpk001,123fff
sd29,123fff
a2345,123fff
lpk002,123fff
a7710,123fff
n666,123fff
aa0018,123fff
a6622,123fff
n6666,123fff
aa0028,123fff
aa0038,123fff
a2271,123fff
aa0048,123fff
aa0058,123fff
a11299,123fff
lpk003,123fff
a4555,123fff
88733,123fff
ak671,123fff
lpk005,123fff
33378,123fff
a9910,123fff
cc2424,123fff
a7816,123fff
00088,123fff
ak672,123fff
a7817,123fff
lzp8888,123fff
33388,123fff
aa4545,123fff
66888,123fff
li673,123fff
88855,123fff
sa600,123fff
aa999999,123fff
88111,123fff
ad123,123fff
a82,123fff
sa66,123fff
99666,123fff
sa644,123fff
55566,123fff
ru674,123fff
77522,123fff
ssa601,123fff
99933,123fff
77666,123fff
cc6767,123fff
a83,123fff
88789,123fff
dsa338,123fff
zx14444,123fff
88567,123fff
dsa386,123fff
88888,123fff
dsa448,123fff
dsa558,123fff
dsa998,123fff
dsa668,123fff
aa3434,123fff
1118,123fff
dsa818,123fff
jk18,123fff
87711,123fff
ping33,123fff
aa5757,123fff
qwe33,123fff
ttt444,123fff
jk11,123fff
asd111,123fff
asd222,123fff
asd223,123fff
asd224,123fff
asd225,123fff
e222,123fff
z311,123fff
asd226,123fff
z753,123fff
dsa778,123fff
asd227,123fff
asd228,123fff
xx222,123fff
a3348,123fff
z755,123fff
asd229,123fff
xx555,123fff
asd231,123fff
3488,123fff
asd232,123fff
27666,123fff
xx777,123fff
0052,123fff
116688,123fff
qqa111,123fff
55484,123fff
qqa222,123fff
z2818,123fff
qqa333,123fff
a0022,123fff
qqa444,123fff
z1029,123fff
qqa555,123fff
ak101,123fff
z130,123fff
qqa666,123fff
fgh223,123fff
z740,123fff
ak102,123fff
qqa777,123fff
z106,123fff
fgh228,123fff
qqa888,123fff
z105,123fff
ak103,123fff
fgh225,123fff
z103,123fff
z737,123fff
z1028,123fff
com111,123fff
asd106,123fff
com222,123fff
com333,123fff
hc8899,123fff
asd103,123fff
com444,123fff
s136,123fff
com666,123fff
com777,123fff
com888,123fff
s134,123fff
s987,123fff
ab236,123fff
s318,123fff
s666,123fff
ad239,123fff
ab226,123fff
iop001,123fff
zz158,123fff
ab668,123fff
iop002,123fff
zz188,123fff
iop003,123fff
iop005,123fff
iop006,123fff
iop007,123fff
ok899,123fff
an5y02,123fff
a3614,123fff
ok1155,123fff
abc111,123fff
bb11aa,123fff
iop008,123fff
abc222,123fff
bb22aa,123fff
bb08,123fff
bb33aa,123fff
aba06,123fff
abc333,123fff
bb15,123fff
bb17,123fff
bb18,123fff
as1166,123fff
aba05,123fff
bb19,123fff
abc555,123fff
bb20,123fff
as1188,123fff
aba09,123fff
bb26,123fff
bb27,123fff
aba08,123fff
866,123fff
bb28,123fff
abc777,123fff
bb39,123fff
bb31,123fff
5790,123fff
s11111,123fff
aba12,123fff
578,123fff
0213,123fff
qa055,123fff
5770,123fff
aba03,123fff
abc128,123fff
580,123fff
aas88,123fff
qaz8,123fff
aba10,123fff
qaz5,123fff
0808,123fff
bn08,123fff
806,123fff
bn09,123fff
807,123fff
abc228,123fff
ro88,123fff
bb211,123fff
302,123fff
bb216,123fff
301,123fff
ok66,123fff
bb219,123fff
306,123fff
309,123fff
aa154,123fff
bb1688,123fff
ok28,123fff
bb218,123fff
3120,123fff
ak258,123fff
abc366,123fff
906,123fff
af27,123fff
ok68,123fff
xx189,123fff
a333333,123fff
as1133,123fff
fqc111,123fff
ww159,123fff
kkk343,123fff
as1199,123fff
as13,123fff
ww78,123fff
ww39,123fff
ab001,123fff
as622,123fff
as23,123fff
aa103,123fff
ab003,123fff
lpk006,123fff
lpk007,123fff
ab005,123fff
a123133,123fff
lpk008,123fff
ab002,123fff
lpk009,123fff
as633,123fff
as17,123fff
ab009,123fff
aa3834,123fff
ab012,123fff
ab018,123fff
kk25bb,123fff
ab010,123fff
ab666,123fff
ab999,123fff
kk21bb,123fff
sr123,123fff
sr1234,123fff
w12345,123fff
kk31bb,123fff
kk32,123fff
5zz,123fff
4zz,123fff
kk33bb,123fff
kk36bb,123fff
cc876,123fff
as126898,123fff
as12688,123fff
kk39bb,123fff
aa6898,123fff
as127898,123fff
aaaa7777,123fff
298,123fff
k335,123fff
kk38bb,123fff
kk62bb,123fff
kk63bb,123fff
kk68bb,123fff
kk72bb,123fff
kk79bb,123fff
kkbb,123fff
kk99bb,123fff
cv111,123fff
cv112,123fff
cv113,123fff
cv114,123fff
cv115,123fff
cv116,123fff
cv118,123fff
cv211,123fff
cvcv138,123fff
cvcv158,123fff
cvcv128,123fff
ww223,123fff
ww668,123fff
abcd1234,123fff
ww1118,123fff
ww1003,123fff
ww1012,123fff
ww1009,123fff
ww103,123fff
ww101,123fff
aass138,123fff
aa56331,123fff
aa56334,123fff
aa56335,123fff
aa56336,123fff
aa56337,123fff
aa56338,123fff
aa56330,123fff
7789,123fff
aa56632,123fff
aa56633,123fff
aa56634,123fff
77789,123fff
aa5663,123fff
achap123,123fff
aa16163,123fff
aa16164,123fff
ttt11,123fff
ttt112,123fff
ttt113,123fff
ttt114,123fff
ttt115,123fff
ttt116,123fff
ttt117,123fff
ttt118,123fff
ttt119,123fff
ttt20,123fff
ttt21,123fff
ttt22,123fff
ttt23,123fff
ttt26,123fff
ttt25,123fff
ttt27,123fff
ttt28,123fff
aa123a,123fff
asd001,123fff
aa321,123fff
asd002,123fff
asd006,123fff
asd010,123fff
asd011,123fff
asd012,123fff
zxc101,123fff
asd013,123fff
zxc102,123fff
qwe9908,123fff
asd015,123fff
zxc103,123fff
asd016,123fff
zxc104,123fff
asd018,123fff
asd019,123fff
qwe9906,123fff
qwe9909,123fff
asd020,123fff
asd021,123fff
asd022,123fff
asd023,123fff
asd025,123fff
asd026,123fff
asd027,123fff
bb16,123fff
asd028,123fff
asd029,123fff
asd030,123fff
ab060,123fff
asd031,123fff
ab061,123fff
asd032,123fff
asd033,123fff
zzz008,123fff
zzz009,123fff
zzz007,123fff
zzz444,123fff
zz100,123fff
bb61,123fff
zz111,123fff
6655,123fff
zll222,123fff
tao222,123fff
16666,123fff
lwant88,123fff
xg22,123fff
138138,123fff
okk2288,123fff
zxc6639,123fff
bbaa11,123fff
ww2988,123fff
bbaa22,123fff
898,123fff
vv2988,123fff
ssaa11,123fff
ssaa22,123fff
ssaa33,123fff
hq22,123fff
zxc6628,123fff
jjaa11,123fff
na22,123fff
jjaa22,123fff
jjaa33,123fff
zxc6625,123fff
llaa11,123fff
zxc6622,123fff
ry268,123fff
as3368,123fff
as338as,123fff
aq88,123fff
aas010,123fff
aq888,123fff
aq8888,123fff
aq8,123fff
as335as,123fff
aaa271,123fff
as223as,123fff
as2267,123fff
ff967,123fff
aaa272,123fff
as6699,123fff
5432,123fff
am222,123fff
77889,123fff
am666,123fff
bb298,123fff
a1655,123fff
ab1255,123fff
a236,123fff
hs989,123fff
aaa366,123fff
aw378,123fff
aas011,123fff
aas013,123fff
aas016,123fff
aas019,123fff
zxc6619,123fff
zxc6616,123fff
kk6695,123fff
aa8118,123fff
aa0888,123fff
a2234,123fff
a622,123fff
aa883,123fff
aa5444,123fff
ab3288,123fff
a9283,123fff
zxc6658,123fff
a1886,123fff
a9163,123fff
hhh3333,123fff
hhh7777,123fff
zxc6623,123fff
achh369,123fff
achh258,123fff
zxc8899,123fff
achh147,123fff
hh3333,123fff
achh123,123fff
aaaa111,123fff
hhhh999,123fff
hhh555,123fff
achh456,123fff
achh789,123fff
achh,123fff
c2234,123fff
aa89aa,123fff
y2234,123fff
b689,123fff
lht123,123fff
zym123,123fff
czh123,123fff
jq525,123fff
jq585,123fff
fj01,123fff
29289,123fff
fj2,123fff
qq112233,123fff
zx789,123fff
ww112233,123fff
ba001,123fff
ee112233,123fff
oww9988,123fff
rr112233,123fff
oww128,123fff
tt112233,123fff
xl110,123fff
oo112233,123fff
kaa026,123fff
ljy01,123fff
aw03,123fff
ly08,123fff
aw01,123fff
a366,123fff
aw04,123fff
ppp222,123fff
ly09,123fff
hxl01,123fff
ly10,123fff
kaa116,123fff
ly11,123fff
kaa115,123fff
a368,123fff
yy088,123fff
ly12,123fff
pp112233,123fff
ly13,123fff
kaa109,123fff
a376,123fff
hhss567,123fff
kaa288,123fff
yy077,123fff
a288,123fff
xp899,123fff
a6798,123fff
rita,123fff
yy066,123fff
d258,123fff
yy055,123fff
h11223,123fff
h147,123fff
p258,123fff
xm22,123fff
6018,123fff
dsa369,123fff
dsa159,123fff
as19,123fff
tt00,123fff
aa139139,123fff
0208,123fff
bb359,123fff
bb358,123fff
qn11,123fff
bb357,123fff
bb356,123fff
ck77,123fff
as15,123fff
okk125,123fff
644,123fff
ck8,123fff
ck2223,123fff
659888,123fff
803,123fff
qaz288,123fff
cw77,123fff
uu444,123fff
aa075,123fff
hh300,123fff
wsx288,123fff
yy300,123fff
sl55,123fff
qq300,123fff
ss300,123fff
wsx388,123fff
bb300,123fff
oww129,123fff
et555,123fff
tt3888,123fff
oww126,123fff
gx22,123fff
659333,123fff
jk14,123fff
ky23,123fff
b59,123fff
jk66,123fff
659555,123fff
wee888,123fff
ak333,123fff
kk578,123fff
v,123fff
pp2222,123fff
4466,123fff
659111,123fff
as38,123fff
km36,123fff
pp3333,123fff
pp5555,123fff
2939,123fff
mm66,123fff
a9999a,123fff
hk20,123fff
aa2366,123fff
hk21,123fff
yyt131,123fff
wu1138,123fff
am113,123fff
hk24,123fff
hk23,123fff
wu1158,123fff
hk25,123fff
wu1168,123fff
mk79,123fff
bb1234,123fff
wu1188,123fff
aa1199,123fff
aa7083,123fff
am114,123fff
hk27,123fff
a266,123fff
tt011,123fff
am115,123fff
wu2201,123fff
aa2351,123fff
58,123fff
hk88,123fff
wu2229,123fff
aa2352,123fff
a268,123fff
0qqq,123fff
pp9388,123fff
am145,123fff
234aaa,123fff
kk55888,123fff
am117,123fff
am119,123fff
akk456,123fff
a2888,123fff
678ddd,123fff
am116,123fff
kk1118,123fff
as667,123fff
lxh6868,123fff
am122,123fff
wu1118,123fff
11188,123fff
gg001,123fff
aa2353,123fff
wdy6868,123fff
aa2354,123fff
wu1128,123fff
zxs6868,123fff
aa2355,123fff
gg002,123fff
aa2356,123fff
wu2203,123fff
sasa081,123fff
gzp6868,123fff
aa2358,123fff
sasa082,123fff
gg003,123fff
aa2359,123fff
sasa084,123fff
28989,123fff
lm1666,123fff
zkj6868,123fff
aa2360,123fff
sasa087,123fff
sasa089,123fff
aa2341,123fff
gg005,123fff
wxc999,123fff
aa2342,123fff
sasa008,123fff
aa2343,123fff
gg006,123fff
aa2364,123fff
t1251,123fff
gg008,123fff
aa2362,123fff
ass012,123fff
yy88,123fff
xw3333,123fff
yy99,123fff
v888,123fff
vk654,123fff
as1122,123fff
wz20,123fff
117788,123fff
wz27,123fff
ck168,123fff
ck1688,123fff
zx888,123fff
dhj1973,123fff
zx88,123fff
135135,123fff
ok3355,123fff
mm111,123fff
137137,123fff
pp6666,123fff
gc999,123fff
x23,123fff
gb2016,123fff
908,123fff
k880,123fff
aza0009,123fff
lp999,123fff
z005,123fff
et777,123fff
3,123fff
z11,123fff
we136,123fff
aas0011,123fff
we345,123fff
s338,123fff
a5611,123fff
zx8888,123fff
we456,123fff
hn123,123fff
as331,123fff
225588,123fff
kk338,123fff
mm2255,123fff
a87,123fff
aza0005,123fff
abc556,123fff
s330,123fff
a138,123fff
s339,123fff
111aaa,123fff
wei1,123fff
222aa,123fff
q789,123fff
wei2,123fff
qq183,123fff
qq868,123fff
zw999,123fff
a136,123fff
ap899,123fff
kk32bb,123fff
ck2228,123fff
aa016,123fff
ll999,123fff
aas18,123fff
a89,123fff
dd433,123fff
rr51588,123fff
ls111,123fff
zf111,123fff
gu229,123fff
2216,123fff
l2211,123fff
hls111,123fff
cai579,123fff
asd7978,123fff
chenglin812,123fff
ghb22,123fff
5475,123fff
aa181818,123fff
dd189,123fff
wo5588,123fff
com555,123fff
10,123fff
ok78,123fff
ksk77,123fff
aa789789,123fff
cv535,123fff
cv202,123fff
cv203,123fff
ggg888,123fff
pp9999,123fff
wa423,123fff
zj668,123fff
a8001,123fff
a8002,123fff
a8003,123fff
a8004,123fff
a8005,123fff
a8006,123fff
a8007,123fff
ok1156,123fff
zh11,123fff
ccc315,123fff
aa332,123fff
hh01,123fff
hh166,123fff
hh188,123fff
hh20,123fff
hh21,123fff
hh26,123fff
hh28,123fff
z456,123fff
qw6558,123fff
a33331,123fff
a33334,123fff
a33336,123fff
a33337,123fff
a33338,123fff
cctv3338,123fff
cctv3336,123fff
cctv456,123fff
cctv3335,123fff
cctv3332,123fff
cctv3331,123fff
aaa2233,123fff
aaa2244,123fff
ling131,123fff
yf0089,123fff
wj12,123fff
wj13,123fff
mm99,123fff
ad698,123fff
qwe1189,123fff
yf087,123fff
aaa778,123fff
8801,123fff
8802,123fff
8803,123fff
8805,123fff
8806,123fff
8807,123fff
8808,123fff
mmm6663,123fff
8809,123fff
8810,123fff
8812,123fff
8813,123fff
8815,123fff
8816,123fff
8817,123fff
8818,123fff
8819,123fff
8820,123fff
8821,123fff
8868,123fff
8235,123fff
acck1238,123fff
acck1236,123fff
as173,123fff
kk928,123fff
sy005,123fff
wb03,123fff
aass1133,123fff
221a,123fff
221b,123fff
221c,123fff
bh339a,123fff
bh339b,123fff
9119,123fff
vip88,123fff
hh789,123fff
ab886,123fff
l99,123fff
23c,123fff
jk21,123fff
sa2667,123fff
zy1233,123fff
aaa777,123fff
889s,123fff
890s,123fff
880s,123fff
220s,123fff
a5878,123fff
d7588,123fff
a0678,123fff
aa5899,123fff
d3538,123fff
a8868,123fff
dd6585,123fff
a55899,123fff
dd1131,123fff
ss555,123fff
aa5521,123fff
d56789,123fff
acck1239,123fff
8823,123fff
5568,123fff
a7880,123fff
8825,123fff
a8368,123fff
9585,123fff
a8858,123fff
1258,123fff
a885,123fff
d5585,123fff
3528,123fff
as4444,123fff
aa5518,123fff
he88,123fff
bb499,123fff
as8888,123fff
bb699,123fff
aa888899,123fff
d5893,123fff
pp567,123fff
zxc888,123fff
dd5893,123fff
wsx488,123fff
ddd241,123fff
tt123,123fff
dd300,123fff
jk616,123fff
zh668,123fff
642s,123fff
aa1358,123fff
a0011,123fff
okok,123fff
k189,123fff
ok1157,123fff
as666as,123fff
ddhz,123fff
c156,123fff
xp008,123fff
xp007,123fff
qqq1,123fff
rrr8,123fff
rrr9,123fff
4688,123fff
1368,123fff
mm1588,123fff
zhou0901,123fff
aae24,123fff
qwe11885,123fff
818,123fff
828,123fff
abc201230,123fff
ok1158,123fff
acham12,123fff
221e,123fff
es20,123fff
gghhjj88,123fff
az11,123fff
17898,123fff
aaa037,123fff
aa0001,123fff
aa0002,123fff
aa0003,123fff
a128128,123fff
aaa833,123fff
lpk011,123fff
ab998,123fff
001888,123fff
002888,123fff
003888,123fff
004888,123fff
cs123,123fff
r1399,123fff
yy19,123fff
cvcv1388,123fff
418,123fff
aw77,123fff
ak108,123fff
678m,123fff
a3339,123fff
ys558,123fff
bbb46,123fff
2878,123fff
ck1,123fff
yk1,123fff
yk2,123fff
yk3,123fff
yk04,123fff
ab2018,123fff
yk6,123fff
yk8,123fff
yk9,123fff
yk7,123fff
yk11,123fff
yk12,123fff
yk13,123fff
yk14,123fff
yk17,123fff
yk18,123fff
ok1159,123fff
as1237,123fff
a5688,123fff
aa88188,123fff
aa88288,123fff
qun2222,123fff
sl818,123fff
as785,123fff
kk789789,123fff
gz677,123fff
as784,123fff
as783,123fff
as782,123fff
ww66aa11,123fff
ss4561,123fff
8990,123fff
1518,123fff
1559,123fff
ass015,123fff
ttt10,123fff
lin258,123fff
xue01,123fff
lpk012,123fff
lpk013,123fff
8828,123fff
6388,123fff
ck2,123fff
yc6668,123fff
1127,123fff
viv777,123fff
zwd123,123fff
bbc888,123fff
z333555,123fff
hh668,123fff
a07,123fff
bp66,123fff
qqww1122,123fff
kk633,123fff
mm668,123fff
y003,123fff
cai111,123fff
cc04a,123fff
cc1111,123fff
bd333,123fff
ok1160,123fff
am888,123fff
lin269,123fff
m134333,123fff
zz8000,123fff
z333777,123fff
zz880,123fff
336699,123fff
vv363,123fff
aaa992,123fff
asd034,123fff
we123,123fff
996633,123fff
ty105,123fff
tt6988,123fff
su666,123fff
vb258,123fff
ww001,123fff
ww002,123fff
aa8882,123fff
zxc840,123fff
983,123fff
qq911,123fff
yg138,123fff
zz1111,123fff
jj001,123fff
va333,123fff
hy0762,123fff
kk886,123fff
eee112233,123fff
y066,123fff
kf7144,123fff
as888as,123fff
ws345,123fff
z007,123fff
mm258,123fff
qwe70,123fff
jj1001,123fff
aa2347,123fff
zhao901,123fff
pp8989,123fff
km6633,123fff
adk321,123fff
km8822,123fff
hui232,123fff
v222v,123fff
40730,123fff
cctv339,123fff
zz11111,123fff
m159,123fff
aa123111,123fff
8830,123fff
04441,123fff
17901,123fff
80601,123fff
xzy456,123fff
81121,123fff
zh22221,123fff
z333888,123fff
y292y,123fff
xx300,123fff
a1234,123fff
a6689,123fff
ok6868,123fff
aa963,123fff
0047,123fff
ds01,123fff
ds02,123fff
ds03,123fff
bbcc001,123fff
pk1,123fff
pk2,123fff
pk3,123fff
pk4,123fff
pk5,123fff
bbcc002,123fff
bbcc008,123fff
jj1002,123fff
ye111,123fff
as913,123fff
326,123fff
kk328,123fff
8833,123fff
8836,123fff
zz889,123fff
dm02,123fff
988a,123fff
wm888,123fff
rty88,123fff
ttyy66,123fff
zx628,123fff
13699,123fff
ddff88,123fff
0638,123fff
kk838,123fff
zxc105,123fff
ben111,123fff
wq17,123fff
bb354,123fff
ac900,123fff
ss228,123fff
ss299,123fff
nn333,123fff
ccc259,123fff
ccc750,123fff
ccc258,123fff
ccc121,123fff
ccc233,123fff
ccc277,123fff
ccc558,123fff
1315,123fff
na708,123fff
zxc001,123fff
zxc002,123fff
zxc003,123fff
zxc005,123fff
zxc006,123fff
km777,123fff
km11,123fff
km22,123fff
zxc007,123fff
zxc008,123fff
zxc009,123fff
zxc010,123fff
zxc012,123fff
zxc013,123fff
zxc011,123fff
hjk258,123fff
9388,123fff
hhy1188,123fff
sh777,123fff
yk8899,123fff
we678,123fff
as2222,123fff
as5555,123fff
as2323,123fff
as6655,123fff
ty35,123fff
eess333,123fff
eess999,123fff
cckk9929,123fff
eess666,123fff
3388kk,123fff
dr990,123fff
p9009,123fff
p1319,123fff
p1798,123fff
p2606,123fff
p2822,123fff
p3966,123fff
p4412,123fff
p4869,123fff
p3918,123fff
p5572,123fff
p6150,123fff
p6198,123fff
p7578,123fff
p3278,123fff
p8188,123fff
p8508,123fff
p5868,123fff
p8808,123fff
p8822,123fff
p8838,123fff
p2331,123fff
p8388,123fff
p6668,123fff
p4032,123fff
p6660,123fff
p0888,123fff
bb778,123fff
bb991,123fff
dsa135,123fff
dsa136,123fff
xh66,123fff
xcj8888,123fff
pxp8888,123fff
bb1082,123fff
ll888,123fff
hz1688,123fff
lxl8888,123fff
yxh3333,123fff
zhang168,123fff
ty134,123fff
jia168,123fff
feng168,123fff
as076,123fff
tang168,123fff
wen168,123fff
a92,123fff
kk585,123fff
achap1236,123fff
332299,123fff
b732,123fff
a4466,123fff
achacs55,123fff
6699xx,123fff
lgs138,123fff
acham123,123fff
acham789,123fff
ak668,123fff
bbb11,123fff
jun222,123fff
bb5858,123fff
aa121212,123fff
wk66,123fff
ab237a,123fff
asd03,123fff
wq18,123fff
qwe660,123fff
zzh11,123fff
zzh22,123fff
zzh33,123fff
zzh55,123fff
zzh66,123fff
kk700,123fff
kk7000,123fff
wk123,123fff
wk122,123fff
wk133,123fff
dzz11,123fff
dzz12,123fff
dzz14,123fff
dzz15,123fff
dzz16,123fff
dzz17,123fff
dzz18,123fff
dzz19,123fff
dzz20,123fff
dzz21,123fff
dzz22,123fff
dzz23,123fff
dzz25,123fff
dzz26,123fff
dzz27,123fff
dzz28,123fff
dzz29,123fff
dzz30,123fff
dzz04,123fff
dzz08,123fff
dzz32,123fff
dzz33,123fff
dzz35,123fff
dzz36,123fff
dzz38,123fff
jc666999,123fff
ss11078,123fff
kkw999,123fff
ak97,123fff
ak95,123fff
ak96,123fff
aw341,123fff
ssk11,123fff
sk182,123fff
ssk12,123fff
sz0008,123fff
a230,123fff
yy889,123fff
jc8989,123fff
xcj6666,123fff
hz6666,123fff
lxl6666,123fff
pxp6666,123fff
551800jiu,123fff
w551800,123fff
w551801,123fff
ss0999,123fff
sheng168,123fff
wk12,123fff
kj22,123fff
ap6666,123fff
ap1688,123fff
ap1888,123fff
ae79,123fff
wk666,123fff
wa024,123fff
vbx777,123fff
zwh1111d,123fff
hh8899,123fff
cl2222g,123fff
lhl2222k,123fff
hfc3333b,123fff
p668,123fff
hfc2222d,123fff
a1353,123fff
by8888,123fff
tt123456,123fff
ty7878,123fff
df123,123fff
kk168,123fff
abc8888,123fff
66988,123fff
zd336,123fff
zd337,123fff
cvb8663,123fff
kj87,123fff
akk996,123fff
aas020,123fff
234234,123fff
hh345,123fff
zzx201,123fff
zzx326,123fff
ee567,123fff
ty111,123fff
ps1357,123fff
lx1357,123fff
bhjk011,123fff
ddf11,123fff
kkp661,123fff
kkp008,123fff
kkp007,123fff
ass11,123fff
ass22,123fff
kkp667,123fff
kkp669,123fff
kkp010,123fff
kkp009,123fff
asg005,123fff
ads008,123fff
azd002,123fff
asd668,123fff
asd558,123fff
kk6899,123fff
c20,123fff
gg556,123fff
c1,123fff
c2,123fff
c3,123fff
zzss11,123fff
c4,123fff
gg558,123fff
c5,123fff
c8,123fff
ww90888,123fff
fx678,123fff
dsa363,123fff
68,123fff
gg559,123fff
fff555,123fff
qq2727,123fff
qq456,123fff
a2727,123fff
8055,123fff
kkgg889,123fff
ttp123,123fff
ling333,123fff
kkk1191,123fff
kkkk11,123fff
zz537691,123fff
kk348,123fff
aa5789,123fff
dss11,123fff
hu8888,123fff
wen178,123fff
www1191,123fff
yun33,123fff
aa286,123fff
hmq888,123fff
www112233,123fff
qw66,123fff
wq20,123fff
kk022,123fff
ps1356,123fff
w1122,123fff
hh159,123fff
kaa117,123fff
asz001,123fff
zxc113,123fff
a1238,123fff
kk323,123fff
k4455,123fff
am456,123fff
wa425,123fff
hw3313,123fff
hw7794,123fff
zzx325,123fff
rkr01,123fff
sy006,123fff
xk01,123fff
xk02,123fff
xk03,123fff
xk04,123fff
xk05,123fff
cvd989,123fff
c328,123fff
asz002,123fff
asz003,123fff
abc889,123fff
rl528,123fff
dzz41,123fff
dzz42,123fff
ww886,123fff
dd887,123fff
ab5519,123fff
ss0933,123fff
ss3454,123fff
ab5515,123fff
a9009,123fff
a99258,123fff
b0905,123fff
7122,123fff
ok16888,123fff
tt9088,123fff
asd88,123fff
aadd99,123fff
yy005,123fff
yy683,123fff
aaa1191,123fff
w3322,123fff
w3323,123fff
xx011,123fff
xx012,123fff
dsa639,123fff
11688,123fff
a7700,123fff
6612,123fff
xa3,123fff
sky123456,123fff
cvb753,123fff
hq168,123fff
ad3077,123fff
we68,123fff
53888,123fff
hsh555,123fff
yp999,123fff
ab019,123fff
ck4,123fff
kkp003,123fff
wab068,123fff
wab328,123fff
7375,123fff
aw343,123fff
aa234,123fff
huo888,123fff
aass1,123fff
aa3688,123fff
aass2,123fff
aass3,123fff
aass4,123fff
aass5,123fff
aass6,123fff
aass7,123fff
aa0289,123fff
aa00001,123fff
abc6688,123fff
ttt349,123fff
ok1161,123fff
kka05,123fff
add111,123fff
dsa888,123fff
cct11,123fff
nba888,123fff
7777kk,123fff
qw333,123fff
sk185,123fff
ly18,123fff
ly20,123fff
zx777,123fff
zx7777,123fff
s3435,123fff
s3311,123fff
s4468,123fff
s0008,123fff
s4321,123fff
s4561,123fff
s7514,123fff
s5521,123fff
s4837,123fff
s6060,123fff
8441,123fff
8442,123fff
8443,123fff
8444,123fff
mm123456,123fff
zxc123456,123fff
cvv15,123fff
cvv16,123fff
cvv17,123fff
cvv19,123fff
fen68,123fff
hhhh3333,123fff
qwe88,123fff
xx015,123fff
pc01,123fff
uuu112233,123fff
aa2348,123fff
ac130,123fff
bau345,123fff
bz333,123fff
ss8888,123fff
bb8866,123fff
xx8888,123fff
bb6789,123fff
yy8866,123fff
ww8866,123fff
yz3,123fff
a4098,123fff
a8718,123fff
4933,123fff
22288,123fff
22299,123fff
aa22277,123fff
aa22288,123fff
aa22299,123fff
a88899,123fff
88882,123fff
4138,123fff
1576,123fff
zxc136,123fff
zxc6498,123fff
kk7776,123fff
985aa,123fff
ab368,123fff
iop456,123fff
lz3,123fff
na709,123fff
aa3538,123fff
bb2323,123fff
mm7849,123fff
cca123,123fff
x,123fff
zz9999,123fff
xx9999,123fff
9888,123fff
qqww777,123fff
bb9999,123fff
kk9999,123fff
we668,123fff
0616,123fff
zm1,123fff
zm2,123fff
k568,123fff
s4563,123fff
s4564,123fff
shng121,123fff
as8611,123fff
55222,123fff
ddd16,123fff
aa6689,123fff
hao168,123fff
acck1235,123fff
cc2255,123fff
jf123,123fff
sy35,123fff
aw338,123fff
w135,123fff
61302655,123fff
61302656,123fff
cctv567,123fff
zx9900,123fff
zx9883,123fff
zx339,123fff
aa134,123fff
ff8888,123fff
tt6688,123fff
zxc111,123fff
vip015,123fff
lu999,123fff
ae54,123fff
kb35,123fff
bh339d,123fff
bh339f,123fff
dzz43,123fff
ok1399,123fff
dzz44,123fff
nk899,123fff
as24a,123fff
yyyy112233,123fff
mymy88,123fff
hsh188,123fff
6679,123fff
8898,123fff
we121,123fff
wu2205,123fff
bh339g,123fff
dd99,123fff
hong168,123fff
ab020,123fff
44488,123fff
5224,123fff
asz2,123fff
aa9966,123fff
asd345,123fff
add801,123fff
5903,123fff
a3899,123fff
xx328,123fff
zh328,123fff
gh189,123fff
zj6888,123fff
zh77766,123fff
zp228,123fff
xw368,123fff
pz288,123fff
jw268,123fff
lyd258,123fff
ly238,123fff
cj168,123fff
hz158,123fff
xx138,123fff
dz128,123fff
w385,123fff
as999as,123fff
add802,123fff
va88,123fff
vc222,123fff
sd121,123fff
jjk66,123fff
hjk8880801,123fff
hjk8880802,123fff
hjk8880803,123fff
jia121,123fff
xtr008,123fff
fa3888,123fff
893486,123fff
oy189,123fff
gg168,123fff
xx013,123fff
abc3388,123fff
wb123,123fff
dsa828,123fff
as536,123fff
c777888,123fff
xt4672,123fff
cya1,123fff
le888,123fff
mm2233,123fff
zx322,123fff
y66889,123fff
vv678,123fff
b899,123fff
add8003,123fff
yy66yy,123fff
ty577,123fff
s61,123fff
zxc181,123fff
123135,123fff
zzzxxx11,123fff
dk88,123fff
123136,123fff
qw25999,123fff
kk3333,123fff
az288,123fff
aa3777,123fff
a66668888,123fff
8851,123fff
yf5913,123fff
dz3111,123fff
2m12,123fff
2m11,123fff
add807,123fff
ash189,123fff
ha002,123fff
345,123fff
aaa6188,123fff
ok629,123fff
258b,123fff
q525,123fff
ly26,123fff
x168,123fff
aaa657225,123fff
lkl121,123fff
ada888,123fff
zxc015,123fff
mm369,123fff
28289,123fff
11kk,123fff
aa059,123fff
aa078,123fff
wei3,123fff
aa367,123fff
19,123fff
16,123fff
op12388,123fff
ling111,123fff
66447,123fff
kk113388,123fff
aw345,123fff
ss3437,123fff
123137,123fff
123138,123fff
cmz777888,123fff
dd118,123fff
cc118,123fff
003,123fff
608,123fff
hh118,123fff
633,123fff
h6666,123fff
001,123fff
968,123fff
186,123fff
269,123fff
337,123fff
376,123fff
a137,123fff
sk223,123fff
77788,123fff
aass1144,123fff
ok1339,123fff
a133,123fff
888ok,123fff
we689,123fff
nn1002,123fff
yh666,123fff
q55589,123fff
aw24,123fff
okm89,123fff
pf0001,123fff
pf0002,123fff
aaxx567,123fff
k6688,123fff
k6689,123fff
ok1335,123fff
zyy666888,123fff
s63,123fff
bao168,123fff
zxc106,123fff
ap789,123fff
asd0013,123fff
a1357,123fff
asd0012,123fff
vvv901,123fff
io,123fff
as0257,123fff
a901,123fff
hy12,123fff
0876,123fff
3689,123fff
2577,123fff
8781,123fff
999kk,123fff
wwee2,123fff
wwee3,123fff
wwee5,123fff
wwee6,123fff
wwee7,123fff
wwee8,123fff
wwee10,123fff
wwee13,123fff
wwee16,123fff
wwee19,123fff
ok108,123fff
qqq3388,123fff
asd6,123fff
qqq8899,123fff
qqqq1,123fff
3328,123fff
qqqq2,123fff
da56,123fff
1328,123fff
qqqq3,123fff
qqqq4,123fff
qqww22,123fff
qqww33,123fff
qqww44,123fff
qqww55,123fff
197,123fff
qqww66,123fff
qqww77,123fff
ak378,123fff
ling,123fff
sung12,123fff
gu12,123fff
bb323,123fff
tongli,123fff
wung,123fff
fa1188,123fff
cc112233,123fff
jieyo,123fff
qe889,123fff
jiez,123fff
ww688,123fff
sang,123fff
yc888,123fff
ww699,123fff
gz888,123fff
jiezan,123fff
yy198,123fff
jj6688,123fff
xong,123fff
yang,123fff
gengq,123fff
cc1133,123fff
cc1188,123fff
w1222,123fff
ab11111,123fff
ab22222,123fff
hk001,123fff
cc112288,123fff
yz123,123fff
gx123,123fff
hk002,123fff
hk003,123fff
asdf1,123fff
hk005,123fff
yd123,123fff
ds888,123fff
hk006,123fff
asdf2,123fff
hk008,123fff
asdf5,123fff
hk009,123fff
asdf6,123fff
hk010,123fff
asdf7,123fff
asdf8,123fff
asdf9,123fff
asdf10,123fff
asdf11,123fff
asdf3,123fff
asdf33,123fff
lsb6688,123fff
kb777,123fff
ks8801,123fff
ks8802,123fff
ppp789,123fff
rrr789,123fff
bbb789,123fff
fff789,123fff
ccc789,123fff
acc102,123fff
acc0808,123fff
acc105,123fff
abb218,123fff
acc104,123fff
ks8803,123fff
ks8804,123fff
wwee111,123fff
zf88,123fff
wwee222,123fff
wwee333,123fff
wwee555,123fff
wwee777,123fff
wwee666,123fff
ks8806,123fff
wwee8888,123fff
hym88,123fff
ks8808,123fff
ks8809,123fff
wwee999,123fff
ks8813,123fff
cb46,123fff
1m1,123fff
1m2,123fff
1m3,123fff
1m4,123fff
1m5,123fff
2128,123fff
dd303,123fff
dd456,123fff
dd138,123fff
ks0801,123fff
ptwptw88,123fff
ks0308,123fff
t55,123fff
t66,123fff
hh269,123fff
1s3,123fff
mf222,123fff
1s5,123fff
1s6,123fff
1s7,123fff
t44,123fff
t444,123fff
mf20,123fff
t555,123fff
mf24,123fff
aba003,123fff
mf26,123fff
mf28,123fff
aba008,123fff
mf21,123fff
abc2222,123fff
aas788,123fff
abc3333,123fff
abc5555,123fff
aba004,123fff
789ggg,123fff
567kkk,123fff
acc106,123fff
yf813,123fff
zy189,123fff
se555,123fff
xiushui99,123fff
mm01,123fff
mm02,123fff
mm13,123fff
mm14,123fff
b138,123fff
111777,123fff
b139,123fff
222777,123fff
771014,123fff
mm22,123fff
66777,123fff
88777,123fff
mm105,123fff
66999,123fff
mm106,123fff
mm107,123fff
mm103,123fff
aa830,123fff
v889v,123fff
mm102,123fff
ak338,123fff
aa821,123fff
mm108,123fff
ak1111,123fff
mm109,123fff
aa835,123fff
mm101,123fff
aadd11,123fff
aadd33,123fff
vc88,123fff
acrc11,123fff
qaws888,123fff
qqq3338,123fff
ww4455,123fff
aa198,123fff
csm123,123fff
csc258,123fff
asd147,123fff
236aa,123fff
bb866,123fff
asas333,123fff
tt737,123fff
ddd322,123fff
aa8633,123fff
yu1236,123fff
hj5344,123fff
qw345,123fff
qw456,123fff
hz1111w,123fff
123zz,123fff
zaq23,123fff
wac988,123fff
qqaa987,123fff
add809,123fff
ab1313,123fff
aas799,123fff
qq532,123fff
ws456,123fff
dd13,123fff
aa7777,123fff
aaz233,123fff
vv3366,123fff
aa385,123fff
aas00111,123fff
aba55,123fff
89ok,123fff
czz889,123fff
sas15,123fff
panzi,123fff
9430,123fff
3579,123fff
pk138,123fff
qw0358,123fff
ass666,123fff
333as,123fff
555as,123fff
666as,123fff
777as,123fff
888as,123fff
999as,123fff
111as,123fff
6474aa,123fff
zxc23,123fff
zxc33,123fff
zxc24,123fff
zxc34,123fff
hhh18,123fff
hhh38,123fff
yyy28,123fff
ccc48,123fff
ky258,123fff
ky369,123fff
xl33,123fff
bb569,123fff
as2333,123fff
zxc568,123fff
zxc569,123fff
yy9999,123fff
tg222,123fff
tg999,123fff
xu77,123fff
qh88,123fff
b969,123fff
zl666,123fff
v7878,123fff
sz666,123fff
zzj666,123fff
v8177,123fff
cf666,123fff
nhy555,123fff
hy777,123fff
rx22,123fff
hx22,123fff
db666,123fff
ch123,123fff
qh2,123fff
vip11,123fff
a65008,123fff
vip002,123fff
zzz7700,123fff
ww568,123fff
hh189,123fff
ttt188,123fff
lx001,123fff
hhh174,123fff
yy083,123fff
pp815,123fff
sss666,123fff
dd900,123fff
aaa622,123fff
yy478,123fff
dt11,123fff
dt12,123fff
pp374,123fff
hz22,123fff
aa322,123fff
a6839,123fff
zz438,123fff
ay116,123fff
ta223,123fff
cc189,123fff
ta224,123fff
z688,123fff
z689,123fff
cc037,123fff
ta226,123fff
a33888,123fff
ta227,123fff
ta228,123fff
ta229,123fff
xx784,123fff
ww995,123fff
xx870,123fff
vip22,123fff
zz319,123fff
vip33,123fff
ff223,123fff
ss748,123fff
sd070,123fff
jj718,123fff
xx930,123fff
t77668,123fff
kku88,123fff
678s,123fff
lin111,123fff
hu111,123fff
wc111,123fff
hh0027,123fff
hh0025,123fff
fu333,123fff
hh0026,123fff
fu666,123fff
ho111,123fff
aaa0948,123fff
uu10,123fff
uu1110,123fff
kk901512,123fff
cm3333,123fff
ck1234,123fff
ck2345,123fff
ck3456,123fff
ck4567,123fff
ck5678,123fff
ck789,123fff
ck0000,123fff
tt111,123fff
aa330,123fff
yy3288,123fff
ab7788,123fff
hy13,123fff
ab8899,123fff
s8,123fff
s9,123fff
100,123fff
vvv001,123fff
mm58,123fff
chen112,123fff
vvvv888,123fff
xym668,123fff
b787,123fff
vip588,123fff
da234,123fff
ab1089,123fff
aa110,123fff
bb110,123fff
cc110,123fff
8950,123fff
ff083,123fff
ck2229,123fff
cvk338,123fff
hw121212,123fff
ff858,123fff
ff259,123fff
xy222,123fff
as811,123fff
xy333,123fff
qq990,123fff
xy444,123fff
xy555,123fff
zdu,123fff
au88,123fff
ww33333,123fff
ww22222,123fff
ww55555,123fff
ut123,123fff
ww3218,123fff
tong889,123fff
lbn88,123fff
ppp112233,123fff
ab9917,123fff
ee6888,123fff
qq2495803,123fff
wto328,123fff
cc1388,123fff
cp552,123fff
da313,123fff
jun333,123fff
mn001,123fff
sd2588,123fff
569c,123fff
a2399,123fff
cd111,123fff
888b,123fff
jin5518,123fff
zx618,123fff
vvv009,123fff
td0288,123fff
td65123,123fff
td2077,123fff
sm168,123fff
ac101,123fff
1668,123fff
16668,123fff
ac102,123fff
ac103,123fff
asp789,123fff
asd789,123fff
asbb99,123fff
aass678,123fff
88b,123fff
a5567,123fff
ty9921,123fff
xi1101,123fff
ks6781,123fff
xie1101,123fff
vvv011,123fff
cc168,123fff
qx22,123fff
sas36,123fff
778899a,123fff
hx899,123fff
a237,123fff
vvv066,123fff
wwee22,123fff
ac105,123fff
h818,123fff
qw311,123fff
z1818,123fff
qw338,123fff
sw0738,123fff
hh678,123fff
j123,123fff
lj888,123fff
g223,123fff
g226,123fff
g229,123fff
g227,123fff
g228,123fff
g225,123fff
asdp99,123fff
z1899,123fff
h828,123fff
h838,123fff
h858,123fff
h868,123fff
w1989,123fff
a2388,123fff
chen163,123fff
cctv345,123fff
fff168,123fff
aaa009,123fff
aba,123fff
t126,123fff
j124,123fff
j125,123fff
j126,123fff
j127,123fff
j128,123fff
j129,123fff
j130,123fff
j820,123fff
zs666,123fff
zs555,123fff
zs333,123fff
c123,123fff
c124,123fff
c125,123fff
wa426,123fff
fk98,123fff
fk97,123fff
fk96,123fff
fk95,123fff
fk93,123fff
fk92,123fff
fk91,123fff
fk911,123fff
fk922,123fff
fk933,123fff
fk955,123fff
fk966,123fff
kkk18,123fff
3888,123fff
zn333,123fff
bz898,123fff
ax489,123fff
gd666,123fff
jgz123,123fff
dd889,123fff
xx588,123fff
liu168,123fff
sky123321,123fff
sky456789,123fff
zz966,123fff
iop009,123fff
qa001,123fff
qa002,123fff
qa003,123fff
qa004,123fff
qa005,123fff
qa006,123fff
qa007,123fff
bb777,123fff
yy,123fff
bb779,123fff
qwe881,123fff
wz7250,123fff
bbb0755,123fff
dz3112,123fff
aabb13888,123fff
dz3113,123fff
ta233,123fff
v888v,123fff
ms02,123fff
hw1119,123fff
ss530,123fff
ss526,123fff
ss527,123fff
ss538,123fff
ss531,123fff
ss513,123fff
ss536,123fff
ss525,123fff
ss516,123fff
ss519,123fff
ss621,123fff
ss623,123fff
ss625,123fff
ss628,123fff
ss523,123fff
ss629,123fff
ss529,123fff
ss725,123fff
am234,123fff
ss999,123fff
8325,123fff
aba88,123fff
dt110,123fff
zz220,123fff
cd138,123fff
xh222,123fff
zhs38,123fff
tyy168,123fff
ad224,123fff
198,123fff
ox221,123fff
zd999,123fff
wab798,123fff
qaz999,123fff
hu315,123fff
zgf00,123fff
ss1468,123fff
kzh889,123fff
asd236,123fff
wu2298,123fff
fa914,123fff
fa4458,123fff
dsa269,123fff
zz989,123fff
dd15,123fff
ho12,123fff
aa12345,123fff
ma66,123fff
ok1162,123fff
lhs157,123fff
aam332,123fff
cvb129,123fff
dzz45,123fff
7813,123fff
k1668,123fff
zx222555,123fff
z111333,123fff
am233,123fff
ax33,123fff
ds33,123fff
a68a,123fff
ds2338,123fff
ds365,123fff
ds699,123fff
ds355,123fff
kk988,123fff
kk738,123fff
cv2345,123fff
kk911,123fff
kk127,123fff
hh89,123fff
kk922,123fff
cv3456,123fff
yy36,123fff
cv5678,123fff
kk955,123fff
asa777,123fff
hhg132,123fff
mm28,123fff
hhg131,123fff
asa775,123fff
hhg363,123fff
aa958,123fff
asa886,123fff
t66t,123fff
asa0101,123fff
hhg313,123fff
cv6677,123fff
cv6688,123fff
1313,123fff
yu65,123fff
cv6699,123fff
cv3366,123fff
asa7777,123fff
as24,123fff
as65,123fff
kkk023,123fff
as25,123fff
aaqq11,123fff
as26,123fff
ji58,123fff
as27,123fff
as62,123fff
gh8877,123fff
as29,123fff
as30,123fff
kk6006,123fff
gd3001,123fff
ds88,123fff
e2266,123fff
kk525,123fff
8111,123fff
e6688,123fff
ccv33,123fff
e2289,123fff
qa11,123fff
ccv55,123fff
686388,123fff
e2288,123fff
zcv333,123fff
8b88,123fff
cv661,123fff
cvv999,123fff
ji596,123fff
1w,123fff
oz123,123fff
2w,123fff
ji558,123fff
kk977,123fff
ok666a,123fff
55w51,123fff
km668,123fff
km558,123fff
ok777a,123fff
km228,123fff
km229,123fff
aabb112233,123fff
kk695,123fff
1208,123fff
ok888a,123fff
yyy020,123fff
ok999a,123fff
ck888a,123fff
km6789,123fff
km2277,123fff
zv333,123fff
kmm99,123fff
aa5075,123fff
y111222,123fff
wwqq44,123fff
wwqq55,123fff
wwqq66,123fff
wwqq77,123fff
wwqq88,123fff
bm889,123fff
wwqq99,123fff
aw1122,123fff
fj888,123fff
op888,123fff
wwee66,123fff
wwss22,123fff
akk003,123fff
aa123789,123fff
aa9817,123fff
567kk567,123fff
ck789aa,123fff
zz2233,123fff
kk499,123fff
aa88872,123fff
aa0443,123fff
ok626,123fff
ttyy789,123fff
wy6666,123fff
zz2236,123fff
wy9999,123fff
x954,123fff
zz2237,123fff
a00002,123fff
a00001,123fff
zt02,123fff
kk929,123fff
zz2238,123fff
g1366,123fff
zt135,123fff
c635,123fff
zz678678,123fff
km6666,123fff
zt168,123fff
zt779,123fff
km6611,123fff
s558,123fff
kk137,123fff
km6622,123fff
dy8895,123fff
zt816,123fff
aakk883,123fff
aa001122,123fff
kk654,123fff
hh818,123fff
s623,123fff
km6655,123fff
zt003,123fff
00000,123fff
km6777,123fff
qf336,123fff
dz6795,123fff
aa22243,123fff
zt915,123fff
s089,123fff
km6888,123fff
uu111,123fff
sd0570,123fff
aa65123,123fff
zt566,123fff
km6999,123fff
s013,123fff
uu222,123fff
km5678,123fff
uu333,123fff
k121,123fff
zt608,123fff
k122,123fff
sx88888,123fff
km5666,123fff
uu555,123fff
k123,123fff
k124,123fff
sh2032,123fff
k125,123fff
km5566,123fff
zt213,123fff
k126,123fff
km0448,123fff
s519,123fff
zt466,123fff
d2222,123fff
k138,123fff
d666,123fff
d8888,123fff
wt6006,123fff
d9999,123fff
wt6222,123fff
zx7890,123fff
xx9988,123fff
x7208,123fff
xx8877,123fff
xw88,123fff
x7006,123fff
vbm123,123fff
zt338,123fff
x7998,123fff
as4666,123fff
xp8405,123fff
as46666,123fff
aaaa2018,123fff
as466666,123fff
as4666666,123fff
la888,123fff
sk332,123fff
aaaa2019,123fff
ggk6688,123fff
gkk553,123fff
aaaa2017,123fff
gkk554,123fff
gg178,123fff
gkk555,123fff
rd991,123fff
tt178,123fff
jt083,123fff
wwj1148,123fff
zs234,123fff
rx345,123fff
a696,123fff
qa2869,123fff
a788,123fff
qa8555,123fff
sj0228,123fff
a508,123fff
sj0229,123fff
as16666,123fff
a1398,123fff
aaa106,123fff
2017z,123fff
a4881,123fff
a1175,123fff
aw122,123fff
8785,123fff
at01,123fff
at02,123fff
zt01,123fff
kkk19,123fff
z330,123fff
zvb333,123fff
z335,123fff
dy01,123fff
yky01,123fff
z332,123fff
kk1155,123fff
z336,123fff
aj01,123fff
z337,123fff
dh01,123fff
pen369,123fff
dh02,123fff
zz358,123fff
dh03,123fff
gm222,123fff
wwee77,123fff
z339,123fff
kkbb333,123fff
ww136,123fff
c333,123fff
app02,123fff
z320,123fff
w444,123fff
qwe221,123fff
z322,123fff
qwe223,123fff
d555,123fff
qwe225,123fff
qwe227,123fff
gkk5523,123fff
aau58,123fff
2017gb,123fff
zt443,123fff
aaa888888,123fff
xgw6,123fff
xzn6,123fff
aaa139,123fff
aaaa138,123fff
uui33,123fff
qwe3636,123fff
bbs222,123fff
h123,123fff
qwe3336,123fff
bbs111,123fff
fc11111,123fff
fc77777,123fff
ee6018,123fff
y42,123fff
kk1156,123fff
y43,123fff
hx89,123fff
xxx183,123fff
dt001,123fff
app04,123fff
ok1366,123fff
dong1234,123fff
zk66,123fff
zt04,123fff
ll88,123fff
zxc333,123fff
bb895,123fff
ss7878,123fff
hh688,123fff
dd668,123fff
bm3333,123fff
859,123fff
819,123fff
829,123fff
839,123fff
879,123fff
799,123fff
719,123fff
729,123fff
558,123fff
239,123fff
1929,123fff
1818,123fff
ff188,123fff
bb66,123fff
2329,123fff
rd993,123fff
hjk228,123fff
zxc016,123fff
asd107,123fff
as35,123fff
ms07,123fff
ms08,123fff
qq7799,123fff
yy5566,123fff
aau59,123fff
fg333,123fff
wei009,123fff
ab666888,123fff
1819,123fff
z1999,123fff
m666,123fff
e988,123fff
a871,123fff
a902,123fff
a182,123fff
a576,123fff
a4329,123fff
a381,123fff
a669,123fff
a227,123fff
a986,123fff
a085,123fff
a7138,123fff
q919,123fff
a9686,123fff
a264,123fff
a2268,123fff
a558,123fff
a3318,123fff
a316,123fff
a944,123fff
a269,123fff
a892,123fff
a352,123fff
a468,123fff
a738,123fff
a523,123fff
k2888,123fff
k928,123fff
a623,123fff
a369,123fff
a7001,123fff
a8909,123fff
a980,123fff
a575,123fff
k989,123fff
w323,123fff
s64,123fff
p363,123fff
k331,123fff
k332,123fff
w335,123fff
k336,123fff
k338,123fff
k339,123fff
w661,123fff
w662,123fff
w663,123fff
w665,123fff
t666,123fff
w667,123fff
k668,123fff
k669,123fff
w881,123fff
w882,123fff
w883,123fff
w889,123fff
w991,123fff
w992,123fff
zx4439,123fff
zx4421,123fff
zx4422,123fff
zx4423,123fff
zx4424,123fff
yy02,123fff
yy04,123fff
yy05,123fff
yd3819,123fff
a319,123fff
hh258,123fff
v345v,123fff
hw16888,123fff
ww1166,123fff
ff1177,123fff
ff1155,123fff
vv11,123fff
vv22,123fff
azs03,123fff
azs04,123fff
c12345,123fff
ok1388,123fff
s2235,123fff
3a,123fff
v555v,123fff
dz888,123fff
qq1231,123fff
ah888,123fff
q888,123fff
wy335,123fff
we667,123fff
bb857,123fff
qq999,123fff
qq666,123fff
dz3114,123fff
bb6666,123fff
ttt03,123fff
bb654,123fff
bb987,123fff
aa1694,123fff
jv355,123fff
yy08,123fff
s65,123fff
s67,123fff
asd29,123fff
cctv113,123fff
226699,123fff
vv8887,123fff
gg666,123fff
qqw888,123fff
okm99,123fff
lh888,123fff
139139,123fff
dz3115,123fff
bb123456,123fff
acck1233,123fff
dz3116,123fff
ww1515,123fff
we663,123fff
yy323,123fff
ass555,123fff
ky00,123fff
zz899,123fff
aa3789,123fff
7928,123fff
0909,123fff
pp66,123fff
fu888,123fff
xm158,123fff
m01,123fff
g010,123fff
b010,123fff
aa3398,123fff
h10,123fff
f01,123fff
889dd,123fff
sh345,123fff
xs158,123fff
xg111,123fff
66a66,123fff
hu1632,123fff
okm66,123fff
dd20,123fff
ass23,123fff
a27,123fff
asas225,123fff
asda1,123fff
qwe585,123fff
qwe332,123fff
qw246,123fff
qwe963,123fff
qwe987,123fff
zxc1,123fff
zxc10,123fff
zxc13,123fff
zxc2,123fff
zxc3,123fff
zxc31,123fff
zxc4,123fff
zxc5,123fff
zxc7,123fff
zxc9,123fff
zxcc5,123fff
xue02,123fff
qw763,123fff
qw764,123fff
qw766,123fff
qw768,123fff
qw769,123fff
qw771,123fff
qw772,123fff
qw773,123fff
jc000999,123fff
ll2006,123fff
aaa5588,123fff
mmkkll88,123fff
bb4488,123fff
01aa,123fff
02aa,123fff
10aa,123fff
100aa,123fff
789aa,123fff
abc258,123fff
abc852,123fff
2m,123fff
22mm,123fff
qaz3344,123fff
aa08,123fff
as580,123fff
yy1111,123fff
k997,123fff
asbb88,123fff
kk333666,123fff
4757,123fff
abc22,123fff
asd783,123fff
asd6833,123fff
asd493,123fff
asd221,123fff
as3555,123fff
as557,123fff
asd439,123fff
asd572,123fff
asd529,123fff
asd665,123fff
asd6655,123fff
asd3455,123fff
qw774,123fff
ys228,123fff
ys138,123fff
ys133,123fff
ys141,123fff
ys315,123fff
ys125,123fff
6b6,123fff
6c6,123fff
ys137,123fff
ys142,123fff
ys145,123fff
ys147,123fff
ys148,123fff
ys135,123fff
ys121,123fff
ys122,123fff
ys312,123fff
ys286,123fff
ys127,123fff
ys128,123fff
ys129,123fff
ys130,123fff
ys131,123fff
ys150,123fff
ys132,123fff
ys238,123fff
asd7,123fff
mx668,123fff
qqw288,123fff
ku2888,123fff
ku3888,123fff
ssd288,123fff
ssd6888,123fff
tt22888,123fff
jj2888,123fff
qqw123,123fff
ac187,123fff
uu9911,123fff
aa0006,123fff
aa00366,123fff
aa000099,123fff
iop555,123fff
pp388,123fff
bx01,123fff
a263,123fff
a4111,123fff
ww2588,123fff
1f09,123fff
1h01,123fff
1h161,123fff
1m33,123fff
1y003,123fff
1ya02,123fff
3b012,123fff
zzb22,123fff
ab5566,123fff
aaw888,123fff
ggkk22,123fff
kkk33,123fff
aas1122,123fff
kkk35,123fff
kkk36,123fff
kkk37,123fff
kkk95,123fff
kkk96,123fff
kkk98,123fff
aas1133,123fff
wwk88,123fff
wwk77,123fff
aas2233,123fff
aas3355,123fff
ty3838,123fff
aas3366,123fff
ty322,123fff
aas5588,123fff
aas6699,123fff
ty3211,123fff
ty335,123fff
ty336,123fff
ty337,123fff
ty338,123fff
a000,123fff
a011,123fff
o04,123fff
o07,123fff
a005,123fff
o78,123fff
kkk29,123fff
kkk68,123fff
kkk79,123fff
a88888,123fff
kkk80,123fff
kkk83,123fff
kkk86,123fff
kkk87,123fff
kkk69,123fff
h333,123fff
h335,123fff
h338,123fff
h337,123fff
h3339,123fff
h336,123fff
h2222,123fff
y788,123fff
lk112,123fff
w358,123fff
lk825,123fff
lk9211,123fff
lk288,123fff
lk759,123fff
lk222,123fff
lk345,123fff
a765,123fff
as668,123fff
bb666,123fff
ac2323,123fff
lk678,123fff
lk233,123fff
aa2600,123fff
lk3456,123fff
lk2345,123fff
lk6789,123fff
peng234,123fff
xing123,123fff
c888,123fff
c228,123fff
c238,123fff
kkk90,123fff
ab233,123fff
kkk70,123fff
s3210,123fff
mxx123,123fff
pj222,123fff
pj333,123fff
jjk888,123fff
pj111,123fff
pj000,123fff
kka11,123fff
ttq123,123fff
qqa456,123fff
k55588,123fff
bbz555,123fff
k1234,123fff
ca136,123fff
ty1289,123fff
ty2299,123fff
ffqq66,123fff
ty2200,123fff
x775,123fff
ty2211,123fff
ty7766,123fff
k2255,123fff
k2266,123fff
as34,123fff
k2277,123fff
zm345,123fff
zm567,123fff
k2288,123fff
qiang123,123fff
mao123,123fff
can235,123fff
acc234,123fff
k2299,123fff
k3355,123fff
k5599,123fff
a138a,123fff
k6888,123fff
243,123fff
zzz11,123fff
zzz22,123fff
zzz228,123fff
zb66,123fff
zzz333,123fff
bbpp77,123fff
bbpp88,123fff
bbpp99,123fff
aaz123,123fff
aac555,123fff
1234qaz,123fff
ac6123,123fff
ac127,123fff
ac205,123fff
ac448,123fff
ac081,123fff
ac092,123fff
zzgg66,123fff
sshh66,123fff
ttxx66,123fff
ming689,123fff
am157,123fff
cxs123,123fff
abc7777,123fff
1as99,123fff
wei138,123fff
xdm77,123fff
zxc909,123fff
hence7788,123fff
hence8899,123fff
bbb3398,123fff
a,123fff
06aa,123fff
ws990,123fff
cc105,123fff
rfv1,123fff
wy123,123fff
aa8888999,123fff
aa998855,123fff
at888,123fff
qaz222,123fff
feidi338,123fff
ss333,123fff
bk44,123fff
aass555,123fff
a505,123fff
a929,123fff
aa88333,123fff
a707,123fff
kkk91,123fff
kkk88,123fff
ok889,123fff
rrr619,123fff
sw0199,123fff
6a6,123fff
ak88888,123fff
lb1388,123fff
vbx778,123fff
hx888,123fff
v369,123fff
ls14,123fff
3007,123fff
long888,123fff
6366kk,123fff
v1188,123fff
www33,123fff
cv916,123fff
2140,123fff
qq5989,123fff
aa002002,123fff
